lectureName,lectureID,professor,department,lectureType
임프로비제이션을 위한 기악 합주 1,IC004200,정이령,현대실용음악학과,핵심전공
전공실기1,IC000100,신기남,현대실용음악학과,핵심전공
공통 영어 스피치와 프레젠테이션 Ⅲ,SA020300,수잔 홀랜드,교양학부,공통교양
화폐금융론,BE000200,김원기,경제학과,심화전공
오픈소스 응용,LC002800,박지웅,컴퓨터공학과,심화전공
뉴스 바로 보기,SS079000,김진각,교양학부,핵심교양
대본 분석과 인물 창조1,IB003100,권호영,미디어영상연기학과,심화전공
일반물리실험,LE000600,조명원,청정융합에너지공학과,핵심전공
3D프린팅,FE092400,최인환,산업디자인과,심화전공
프랑스 역사와 문화,AJ003100,이선우,프랑스어문·문화학과,심화전공
현대대수학 3,CA051500,신용수,수학과,심화전공
융합무용기초,IZ000200,유지연,융합문화예술대학,핵심전공
공통 영어 스피치와 프레젠테이션 Ⅱ,SA020200,니노슬라브 란제로빅,교양학부,공통교양
국제경제학,BE040900,김원기,경제학과,심화전공
사회복지정책론,DD020700,이승기,사회복지학과,핵심전공
리더십,SS012000,공평원,교양학부,진로소양
뮤지컬 워크숍 1,GC003700,김기연,작곡과,심화전공
교육행정 및 교육경영,TE060600,임성연,교육학과,교직
학습과 기억,BC040700,박형생,심리학과,핵심전공
도자리빙디자인 1,FD004100,권성은,공예과,심화전공
승마,DE022100,이금주,스포츠레저학과,핵심전공
고급중국어 연습과 토론,AL002200,리우 나,중국어문·문화학과,심화전공
영양생화학,DB000500,이명숙,식품영양학과,핵심전공
금융과 금융교육,EB061800,박형준,사회교육과,핵심전공
생물공정공학,LG001300,백영빈,바이오생명공학과,심화전공
전공이론 및 악기(A) 5,GC055500,정이은,작곡과,심화전공
시민교육론,EC002000,김혜수,윤리교육과,심화전공
전공실기 7,GB043600,이재완,기악과,심화전공
전공실기 3,GB041300,박성진,기악과,핵심전공
실용영어 스피치와 프리젠테이션,AB001300,마이클 엘리어트,영어영문학과,핵심전공
스포츠심리학,DE000500,성용석,스포츠레저학과,심화전공
전공실기 7,IC002900,정민영,현대실용음악학과,심화전공
움직임과 표현 1,ID003100,김슬기,무용예술학과,핵심전공
기초메이크업,PB000400,김희진,뷰티산업학과,핵심전공
"한국사,  뿌리깊은 이야기",KU013100,미정,학사운영팀,일반교양
공중보건과 위생,PB001600,조선영,뷰티산업학과,핵심전공
"클릭, 생활 속의 현대미술",SS077900,구진경,교양학부,핵심교양
수학 교과교육론,CA032100,정해남,수학과,심화전공
비판적 사고와 토론,SA011100,강희경,교양학부,공통교양
전공실기 1,ID003000,김슬기,무용예술학과,핵심전공
사회과학방법론,EB001200,조대훈,사회교육과,심화전공
냉전사의 이해,AG032500,홍석률,사학과,심화전공
현대동양화3,FA061300,손문일,동양화과,심화전공
옛노래의 세계 ,AA050200,강혜선,국어국문학과,심화전공
금속리빙디자인 1,FD006900,김동현,공예과,심화전공
음악과 사회,GC060200,변지연,작곡과,심화전공
독일어의 구조,AI001600,황은미,독일어문·문화학과,심화전공
융합보안개론,LB003800,김성민,융합보안공학과,핵심전공
인체표현,FZ002600,박영근,미술대학,핵심전공
전공실기 1,GB040100,김상애,기악과,핵심전공
전공실기 3,GB041300,정재원,기악과,핵심전공
표현예술치료 1,ID056600,전홍조,무용예술학과,심화전공
헌법: 갈등 해결의 코드,SS070200,김연식,교양학부,핵심교양
중급일본어회화 1,AK001000,다케우치 노리아키,일본어문·문화학과,핵심전공
합창 3,GA041100,김범진,성악과,핵심전공
식품미생물학실험,DB051400,현정은,식품영양학과,핵심전공
건강가정론,DD021300,고선강,사회복지학과,심화전공
전공실기 1,GB040100,황대남,기악과,핵심전공
처음 시작하는 딥러닝,OU098800,미정,학사운영팀,일반교양
전공실기 3,GB041300,이응우,기악과,핵심전공
지도학,BD003300,정재준,지리학과,핵심전공
파이썬프로그래밍,SA046200,권수정,정보시스템공학과,공통교양
국제 정세의 이해,SS029300,김성용,교양학부,핵심교양
비판적 사고와 토론,SA011100,박미란,교양학부,공통교양
생물 교과교육론,LG002300,안주현,바이오생명공학과,심화전공
공통 중국어,SA040100,윤지영,교양학부,공통교양
프랑스 문화와 예술,SS051400,이선우,교양학부,핵심교양
전공실기1,IC000100,김영준,현대실용음악학과,핵심전공
텍스타일소재개발 1,FD057500,이주연,공예과,핵심전공
파이썬프로그래밍,SA046200,이택,정보시스템공학과,공통교양
건강심리학,BC001100,서수연,심리학과,심화전공
과학기술사,SS051300,김준식,교양학부,핵심교양
보컬 1,IB001600,전은혜,미디어영상연기학과,심화전공
피아노를 위한 대위법 1,GB000900,전민재,기악과,핵심전공
의학개론 1,HB004900,전민영,글로벌의과학과,심화전공
문화예술 교육 현장의 이해와 실습,SS086500,강향숙,교양학부,진로소양
프랑스시와 예술,AJ002000,김병욱,프랑스어문·문화학과,심화전공
재료기법 1,FC052600,조영철,조소과,심화전공
상해예방과 재활테이핑,DF003500,송기재,운동재활복지학과,핵심전공
전공실기 5,ID003900,이민선,무용예술학과,심화전공
일본어 기초표현 1,AK000300,홍윤표,일본어문·문화학과,핵심전공
창조적 사고와 글쓰기,SA011200,탁원정,교양학부,공통교양
디지털 조형 1,FC053400,엄아롱,조소과,심화전공
법학개론,BZ000100,황태희,법학부,핵심전공
화장품 성분학,PB002500,박초희,뷰티산업학과,심화전공
유아동작교육,EE003400,이사임,유아교육과,심화전공
수학 논리 및 논술,CA032300,정해남,수학과,심화전공
전공실기 3,ID003400,김주원,무용예술학과,핵심전공
융합화학,LE000900,황안나,청정융합에너지공학과,핵심전공
전공실기 7,GB043600,이태영,기악과,심화전공
응용 영어학,AB052700,윤태진,영어영문학과,핵심전공
여성사의 이해,AG006700,오경환,사학과,심화전공
보건통계,DB041700,강태욱,식품영양학과,심화전공
현대동양화 1,FA054500,하용주,동양화과,핵심전공
배드민턴 1,DE000900,신희광,스포츠레저학과,심화전공
전공실기 7,GB043600,성해린,기악과,심화전공
노동법 1,BA051900,권오성,법학부,핵심전공
기본간호학실습 1,HA002900,송효빈,간호학과,핵심전공
경제지리학,BD040300,이금숙,지리학과,핵심전공
일본어,SS084000,네고로 유키,교양학부,진로소양
뉴스포츠,DE024300,최재희,스포츠레저학과,심화전공
기초한문 1,ED040100,손유경,한문교육과,핵심전공
전공실기 1,GB040100,유예동,기악과,핵심전공
교수설계,EA000800,김은진,교육학과,심화전공
현대수묵화연구1,FA001000,장재록,동양화과,핵심전공
중급중국어 회화 1,AL001100,김화진,중국어문·문화학과,핵심전공
마케팅원론,BF040500,유경남,경영학과,핵심전공
기업가 정신과 E-Business전략,BF000700,신철호,경영학과,핵심전공
전공실기 3,GB041300,김민조,기악과,핵심전공
패션 스튜디오,SS087000,염미선,교양학부,핵심교양
피아노앙상블 2,GB053100,김성희,기악과,심화전공
합창 7,GA003700,김범진,성악과,심화전공
건강사정,HA001800,임경춘,간호학과,핵심전공
전공실기 5,IC002000,이준,현대실용음악학과,심화전공
졸업작품 및 논문 ,PB003900,량쉬,뷰티산업학과,심화전공
트레이닝방법론,DE000100,이윤미,스포츠레저학과,심화전공
초급중국어 1,AL000300,정세진,중국어문·문화학과,핵심전공
전공실기 5,IC002000,반검서,현대실용음악학과,심화전공
유아언어교육,EE040300,이문옥,유아교육과,핵심전공
산문교육론,ED001600,류준경,한문교육과,심화전공
교육실습,TE061200,미정,학사운영팀,교직
전공이론 및 악기(A) 5,GC055500,김예진,작곡과,심화전공
웹 보안,LB002300,임연섭,융합보안공학과,핵심전공
여성 리더십과 커뮤니케이션,SS026900,김오현,교양학부,진로소양
인체생리학,SB030900,천주영,교양학부,핵심교양
기초 통계학,SA046100,권윤기,통계학과,공통교양
세계의 차 문화,SS015200,김효주,교양학부,진로소양
사회 논리 및 논술,EB003300,송현정,사회교육과,심화전공
중급중국어 1,AL001000,정세진,중국어문·문화학과,핵심전공
글로벌 스타트업 관리,PD001800,차용욱,글로벌비즈니스,심화전공
전공실기 5,IC002000,김정범,현대실용음악학과,심화전공
생활 속의 법적 분쟁과 해결,SG020200,최우령,교양학부,핵심교양
전공실기 3,GA040900,인수연,성악과,핵심전공
영어학개론,AB050800,김경영,영어영문학과,핵심전공
공간정보학실무,BD021700,정재준,지리학과,심화전공
전공실기 5,IC002000,윤혜린,현대실용음악학과,심화전공
성악 인턴십 1,GA054100,소수정,성악과,핵심전공
국민경제와 경제교육,EB050400,박형준,사회교육과,핵심전공
형법연습,BA052000,김나경,법학부,심화전공
테마로 보는 전통문화,SS059400,조순자,교양학부,핵심교양
한글 맞춤법과 국어 능력,SS024800,정종수,교양학부,핵심교양
전공실기 5,GA041600,정나리,성악과,심화전공
사회 공헌 활동의 이해와 전망,SS088500,서경덕,교양학부,핵심교양
정보보호제품보안성평가기준설계,LB001900,김경진,융합보안공학과,심화전공
무기화학 1,CI001700,구본재,화학과,심화전공
바람직한 인간관계를 위한 갈등 관리와 협상,SS014800,김오현,교양학부,핵심교양
대중예술 트렌드 세미나,IA003100,김진각,문화예술경영학과,심화전공
International Seminar: Korean and Global Affairs,SS100800,김장욱,국제교류지원팀,진로소양
전공실기 5,GA041600,민숙연,성악과,심화전공
비즈니스 일본어와 프레젠테이션,AK001200,김옥임,일본어문·문화학과,심화전공
생애 주기별 건강과 복지,SS033200,고선강,교양학부,핵심교양
창업 아이디어 발상 및 실습,SS078200,김현이,창업교육팀,진로소양
비교교육학,EA002400,김지현,교육학과,심화전공
한국회화 스튜디오1,FA042000,유근택,동양화과,심화전공
국제통상법 1,BJ001700,이상혁,법학부,심화전공
유도 1,DF004600,이소연,운동재활복지학과,핵심전공
영미명작읽기,AB052600,정이화,영어영문학과,심화전공
바이오식품공학 1,LF001400,장혜원,바이오식품공학과,심화전공
한자교육방법론,ED000700,허철,한문교육과,핵심전공
비판적 사고와 토론,SA011100,류경동,교양학부,공통교양
스포츠레저현장실습,DE023500,양윤권,스포츠레저학과,심화전공
에너지소재공학,LE001800,임종훈,청정융합에너지공학과,심화전공
교육심리,TE060400,오혜림,교육학과,교직
프로젝트공학 1,LE003300,홍현선,청정융합에너지공학과,심화전공
미디어 데이터 분석,BH045200,김호성,미디어커뮤니케이션학과,핵심전공
서양음악사및문헌 3,GC042100,신인선,작곡과,핵심전공
지역사회간호학 2,HA002800,조정민,간호학과,심화전공
전공실기 1,GC020300,윤규일,작곡과,핵심전공
창조적 사고와 글쓰기,SA011200,송용구,교양학부,공통교양
투자론,BF041200,정미화,경영학과,심화전공
독일어 듣기와 말하기1,AI000800,마누엘 보가드,독일어문·문화학과,핵심전공
세계 시민교육과 글로벌 리더십,SS087100,올리버 테리,교양학부,핵심교양
조사연구법,BC050400,박혜경,심리학과,심화전공
공통 스마트 IT 기술의 현재와 미래,SA045300,장현미,교양학부,공통교양
법률영어,BZ000700,김연식,법학부,핵심전공
직무 적성검사 분석,SS077800,이동원,인재개발팀,진로소양
악기수리법 1,GB004900,여우진,기악과,심화전공
특수소재와 봉제,PA003000,윤지원,의류산업학과,심화전공
영화 제작실습 1,IB001800,박은형,미디어영상연기학과,핵심전공
유치원 논리 및 논술,EE002500,김고은,유아교육과,심화전공
무용예술,ID001400,김미숙,무용예술학과,핵심전공
유통관리,BF001100,이성근,경영학과,심화전공
일반생물학 Ⅰ,SB030500,권혜경,바이오생명공학과,핵심교양
전공실기 5,IC002000,김현민,현대실용음악학과,심화전공
문화예술정책과 법,IA002400,김진각,문화예술경영학과,심화전공
전공실기 5,GA041600,공영숙,성악과,심화전공
영미단편,AB040600,정이화,영어영문학과,핵심전공
공공역사와 미디어,AG004100,이규철,사학과,핵심전공
외국어 논리 및 논술(동양권),AL002400,신준호,중국어문·문화학과,심화전공
배우 신체훈련 1,IB000200,김선권,미디어영상연기학과,핵심전공
교직실무,TE061600,권경숙,교육학과,교직
오픈소스 SW 활용,SA045600,이화주,교양학부,공통교양
독일도시와 인문학,AI004100,조수진,독일어문·문화학과,심화전공
형상조소1,FC040300,권치규,조소과,핵심전공
패션마케팅,PA000300,김해정,의류산업학과,핵심전공
정보경험디자인스튜디오 1,FE046300,신수민,산업디자인과,심화전공
전공이론 및 악기(B) 3,GC055400,정혜경,작곡과,핵심전공
경영학원론,BF040100,이석영,경영학부,핵심전공
시사 영어 청취,SA046300,김장욱,교양학부,공통교양
어패럴 메이킹,PA001200,문윤경,의류산업학과,핵심전공
공통 실용적 영어 글쓰기 Ⅱ,SA020500,올리버 테리,교양학부,공통교양
피아노 및 관현악 교수법 1,GB043800,김지현,기악과,심화전공
예비 부모 교육,SS032300,김선주,교양학부,진로소양
전공실기 1,GB040100,어수희,기악과,핵심전공
전공실기 1,GB040100,정담온,기악과,핵심전공
기후 변화와 문명,SS059200,박경,교양학부,핵심교양
놀이지도,EE040800,정효진,유아교육과,핵심전공
창조적 사고와 글쓰기,SA011200,방금단,교양학부,공통교양
패션머천다이징,PA004800,김해정,의류산업학과,핵심전공
초급일본어연습 1,AK000100,다케우치 노리아키,일본어문·문화학과,핵심전공
식품화학,DB000200,표영희,식품영양학과,핵심전공
공통 실용적 영어 글쓰기 Ⅱ,SA020500,존 다니엘 맥카시,교양학부,공통교양
공통 영어 스피치와 프레젠테이션 Ⅰ,SA020100,콜 헌트,교양학부,공통교양
경제학 개론,SS050500,이창선,교양학부,핵심교양
운동과 건강,DE023300,권보하,스포츠레저학과,핵심전공
볼링 1,DE012900,정영남,스포츠과학부,핵심전공
통합도자공예실기 1,FD040600,김시만,공예과,핵심전공
자료구조,LC000700,변혜원,컴퓨터공학과,핵심전공
인간커뮤니케이션,BH010300,이은주,미디어커뮤니케이션학과,핵심전공
공통 중국어,SA040100,송향경,교양학부,공통교양
전공실기 3,GB041300,윤서우,기악과,핵심전공
전공실기 1,GC020300,전예은,작곡과,핵심전공
공통 독일어,SA040400,함경희,교양학부,공통교양
채권법총론,BZ000600,전광백,법학부,핵심전공
화성법1,GA053800,김설향,성악과,핵심전공
음반프로덕션,IC002800,정철,현대실용음악학과,심화전공
공통 서구 문화의 이해,SA030500,니노슬라브 란제로빅,교양학부,공통교양
리빙디자인,FE061000,이홍구,산업디자인과,핵심전공
교육과정개발,EA003300,김종훈,교육학과,심화전공
식품소재 효능 평가실험,LF003100,나혜경,바이오식품공학과,심화전공
민주정치와 시민교육,EB090900,서현진,사회교육과,심화전공
바이오식품공학 진로와 전망,LF000100,김종훈,바이오식품공학과,핵심전공
일반생물학실험 1,LG000200,최상철,바이오생명공학과,핵심전공
데이터베이스설계,LC001700,박지웅,컴퓨터공학과,심화전공
전공실기 5,GB042400,이준성,기악과,심화전공
Developing Positive Mind,SS100700,조나단 리스 팬톤,교양학부,핵심교양
생리학 1,HB003300,전민영,글로벌의과학과,심화전공
이슬람 문화와 예술,KU004600,미정,학사운영팀,일반교양
창작연주 1,GC005300,이인식,작곡과,핵심전공
전공실기 1,GC020300,정미선,작곡과,핵심전공
전공실기 5,GB042400,권혜진,기악과,심화전공
포토저널리즘,BH020600,김호성,미디어커뮤니케이션학과,핵심전공
테니스,SS060000,김현경,교양학부,진로소양
프랑스 공연예술,AJ001200,이선우,프랑스어문·문화학과,핵심전공
경제원론 1,BE040100,박기주,경제학과,핵심전공
공통 드라마 영어,SA030200,앤드리아 톨레프슨,교양학부,공통교양
비교정치론,BB040700,고우정,정치외교학과,핵심전공
무용지도법 1,ID004500,신은석,무용예술학과,심화전공
전공실기 3,GA040900,김범진,성악과,핵심전공
유전자 과학과 미래,SS085600,유중기,교양학부,핵심교양
창조적 사고와 글쓰기,SA011200,조별,교양학부,공통교양
현악합주 1,GB040900,피호영,기악과,핵심전공
스포츠통계,DE001200,김영진,스포츠레저학과,심화전공
일반물리학 Ⅰ,SB030700,유상구,화학과,핵심교양
전공실기 1,GB040100,이동곤,기악과,핵심전공
낭만화성,GB000500,홍청의,기악과,핵심전공
공통 사회 심리의 이해,SA030700,조나단 리스 팬톤,교양학부,공통교양
영어전공생을 위한 파이썬프로그래밍,AB061200,윤태진,영어영문학과,핵심전공
파이썬프로그래밍,SA046200,이정빈,정보시스템공학과,공통교양
마케팅원론,BF040500,변경희,경영학과,핵심전공
국제법과 시사문제,BJ002500,이천기,법학부,심화전공
캡스톤디자인을 통한 클래식 음악 콘텐츠 제작,GA092000,박지현,성악과,심화전공
수치적 데이터 처리 1,CA061200,김주홍,수학과,심화전공
전공실기 1,GA040100,인수연,성악과,핵심전공
국악개론 및 실습,GB001100,문현,기악과,심화전공
글로벌 기업 전문가 특강,PD003300,차용욱,글로벌비즈니스,심화전공
가계경제와 시장,PC000200,석재혜,소비자생활문화산업학과,핵심전공
획과 여백 1,FZ001300,강유림,미술대학,핵심전공
전공실기 7,IC002900,남예지,현대실용음악학과,심화전공
미적분학 및 연습 1,HB002700,조명원,글로벌의과학과,핵심전공
공통 실용적 영어 글쓰기 Ⅰ,SA020400,메스 닐슨,교양학부,공통교양
공통 실용적 영어 글쓰기 Ⅱ,SA020500,다릴 로스,교양학부,공통교양
전공실기 5,IC002000,남예지,현대실용음악학과,심화전공
마음을읽어주는미술치료,OU000500,미정,학사운영팀,일반교양
현대동양화 1,FA054500,권기범,동양화과,핵심전공
소비자상담과 피해구제,PC002800,권용덕,소비자생활문화산업학과,심화전공
시창.청음 3,GB050700,김지현,기악과,핵심전공
패션컬러기획,FD001900,박좌용,공예과,심화전공
전공실기 3,IC000800,심영주,현대실용음악학과,핵심전공
중국어 Ⅰ,SG011000,리우 나,교양학부,진로소양
고급C++프로그래밍,LC004000,심광섭,컴퓨터공학과,핵심전공
전공실기 1,GB040100,최고은,기악과,핵심전공
파이썬프로그래밍,SA046200,윤상덕,정보시스템공학과,공통교양
세계 미디어산업 정책,BH040200,심상민,미디어커뮤니케이션학과,심화전공
일본어 중급표현 1,AK000900,안평호,일본어문·문화학과,핵심전공
글로벌지역연구,PD003800,박성진,글로벌비즈니스,심화전공
대체요법,DE023200,박성영,스포츠레저학과,심화전공
전공실기 5,IC002000,이지영,현대실용음악학과,심화전공
발생공학실험,LG003400,전용필,바이오생명공학과,심화전공
공통 실용적 영어 글쓰기 Ⅱ,SA020500,조나단 리스 팬톤,교양학부,공통교양
대중 문화 예술 산책,SS032500,윤상호,교양학부,핵심교양
운동역학,DE001000,구본호,스포츠레저학과,심화전공
Writing for the Modern World,SS080300,마타 라카누이,교양학부,진로소양
불교학 개론,EC001100,윤민향,윤리교육과,심화전공
전공실기 1,GB040100,구태은,기악과,핵심전공
학내연주 3,GB003500,임경원,기악과,핵심전공
미용학개론,PB000300,한지수,뷰티산업학과,핵심전공
공통 영어 스피치와 프레젠테이션 Ⅰ,SA020100,스티븐 파이겐바움,교양학부,공통교양
조선시대의 역사와 문화,AG001700,이규철,사학과,핵심전공
현대판화 3,FB052600,이지영,서양화과,심화전공
서화기초 1,FA054300,성태훈,동양화과,핵심전공
관악합주 7,GB052700,김동수,기악과,심화전공
21세기 미국문학 다시 읽기,SS087900,전연희,교양학부,핵심교양
일본어 중급표현 1,AK000900,남휘정,일본어문·문화학과,핵심전공
졸업프로젝트,PA003400,윤지원,의류산업학과,심화전공
홈 레코딩과 믹싱 1,IC003600,채준기,현대실용음악학과,심화전공
생화학 1,LF000600,나혜경,바이오식품공학과,핵심전공
드레이핑,PA001100,김미영,의류산업학과,핵심전공
고급영양학,DB040800,이승민,식품영양학과,핵심전공
인체표현,FZ002600,이규성,미술대학,핵심전공
당시와 여성,AL000900,정세진,중국어문·문화학과,핵심전공
British Culture and History,SA030400,올리버 테리,교양학부,공통교양
인체와 의복구성,PA000400,김경희,의류산업학과,핵심전공
암호응용,LB001100,박새롬,융합보안공학과,심화전공
일반생물학실험 1,LG000200,강창수,바이오생명공학과,핵심전공
전공실기1,IC000100,유수미,현대실용음악학과,핵심전공
서양음악사 및 문헌 3,GB000300,이혜진,기악과,핵심전공
창작실내악 1,GB094200,김도연,기악과,심화전공
교육방법 및 교육공학,TE060500,노석준,교육학과,교직
근대성의 이해,AG003300,김민수,사학과,심화전공
경제사,BE000100,박기주,경제학과,핵심전공
전공실기 7,IC002900,성기준,현대실용음악학과,심화전공
기초연기실습 1,IB000300,김정훈,미디어영상연기학과,핵심전공
전기화학,LE001700,임종훈,청정융합에너지공학과,심화전공
무용지도법 1,ID004500,성재형,무용예술학과,심화전공
"인물, 사건과 내러티브",AZ001200,조국,인문과학대학,핵심전공
창조적 사고와 글쓰기,SA011200,김예니,교양학부,공통교양
유기분광학,CI001900,정선호,화학과,심화전공
재현적표현 1,FB041700,김지은,서양화과,핵심전공
중급중국어 회화 1,AL001100,김수진,중국어문·문화학과,핵심전공
전공실기 7,GB043600,이준성,기악과,심화전공
졸업프로젝트,PA003400,장민정,의류산업학과,심화전공
전공실기 7,GB043600,유예동,기악과,심화전공
예술 비즈니스 창업론,SS056400,김정섭,창업교육팀,진로소양
창조적 사고와 글쓰기,SA011200,장예준,교양학부,공통교양
융합무용기초,IZ000200,최혜경,융합문화예술대학,핵심전공
세상을 바꾸는 아름다운 수학,OU099000,미정,학사운영팀,일반교양
무용지도법 1,ID004500,김미숙,무용예술학과,심화전공
마케팅커뮤니케이션캠페인,BH021100,신형교,미디어커뮤니케이션학과,심화전공
IT개론,LD000300,이재원,정보시스템공학과,핵심전공
세법 1,BJ002400,하봉곤,법학부,심화전공
보육실습,EE002000,황인애,유아교육과,심화전공
자바프로그래밍,LC001800,이혜리,컴퓨터공학과,핵심전공
공통 영어 스피치와 프레젠테이션 Ⅰ,SA020100,수잔 홀랜드,교양학부,공통교양
기술과 소비자,PC001800,양수진,소비자생활문화산업학과,심화전공
스마트모바일 프로그래밍,LD002200,조성우,정보시스템공학과,심화전공
건반화성 1,GC041900,전예은,작곡과,핵심전공
현장드로잉1,FA041500,유근택,동양화과,심화전공
중급중국어 1,AL001000,윤지영,중국어문·문화학과,핵심전공
전공실기 3,GB041300,피호영,기악과,핵심전공
노동경제학,BE050400,박기성,경제학과,심화전공
전공이론 및 악기(B) 3,GC055400,김수현,작곡과,핵심전공
전공실기 3,GC020500,윤규일,작곡과,핵심전공
체형관리에스테틱 ,PB001100,임우경,뷰티산업학과,핵심전공
디자인실무와 커뮤니케이션,FE092600,장기윤,산업디자인과,심화전공
호흡/발성 1,IB000100,김혜진,미디어영상연기학과,핵심전공
역사 속의 불교사상과 문화,AG054000,옥나영,사학과,심화전공
미적분과 벡터해석 기초,SA045900,남궁정일,수학과,공통교양
융합무용기초,IZ000200,김미숙,융합문화예술대학,핵심전공
무대연출론,IA001300,김수정,문화예술경영학과,심화전공
전공실기 5,GB042400,박의경,기악과,심화전공
시각디자인 1,FE004100,김미애,산업디자인과,핵심전공
정신간호학실습 2,HA005200,정명실,간호학과,심화전공
융합매체1,FA061000,김혜리,동양화과,심화전공
무용감상,ID004900,김지윤,무용예술학과,심화전공
교육행정 및 교육경영,TE060600,김주경,교육학과,교직
전략 커뮤니케이션 개론,BH020100,김현정,미디어커뮤니케이션학과,핵심전공
서양음악사 및 문헌 1,GB000100,이혜진,기악과,핵심전공
비판적 사고와 토론,SA011100,김준석,교양학부,공통교양
독일어작문연습,AI001000,이재영,독일어문·문화학과,심화전공
자원순환공학,LE002800,홍현선,청정융합에너지공학과,심화전공
시사중국어,AL003300,이정인,중국어문·문화학과,심화전공
소재공정기술,LE002700,임종훈,청정융합에너지공학과,심화전공
기초통계학,CE000100,정호현,통계학과,핵심전공
의약화학 1,HB004700,이지연,글로벌의과학과,심화전공
창조적 사고와 글쓰기,SA011200,김난경,교양학부,공통교양
산업경제학,BE000500,진양수,경제학과,심화전공
전공실기 1,GA040100,이영은,성악과,핵심전공
중급일본어회화 1,AK001000,네고로 유키,일본어문·문화학과,핵심전공
민주시민 가치교육론,EC041000,문경호,윤리교육과,핵심전공
기초 통계학,SA046100,김계완,통계학과,공통교양
British Culture and History,SA030400,존 다니엘 맥카시,교양학부,공통교양
패션디자인과 구성,PA002200,류한나,의류산업학과,심화전공
한국회화사,FA000300,이보연,동양화과,핵심전공
음악분석 1,IC000400,김정범,현대실용음악학과,핵심전공
소비자학,PC000100,박나영,소비자생활문화산업학과,핵심전공
필라테스자세교정 1,ID000500,전홍조,무용예술학과,핵심전공
경영경제 자료분석,CE002200,이종협,통계학과,심화전공
중국문자문화의 이해,AL000700,김은희,중국어문·문화학과,핵심전공
현대정치사회이론,BB000800,김용직,정치외교학과,핵심전공
바이오식품설계,LF003400,김종훈,바이오식품공학과,심화전공
창조적 사고와 글쓰기,SA011200,신희경,교양학부,공통교양
심리학개론,BC000100,조효진,심리학과,핵심전공
시각디자인스튜디오 1,FE044700,장혜진,산업디자인과,심화전공
전공실기 3,IC000800,유수미,현대실용음악학과,핵심전공
우주로의 여행,SS070700,이길우,교양학부,핵심교양
철학으로의 초대,SS050400,배식한,교양학부,핵심교양
초급영어 읽기와 쓰기,AB001000,앨리슨 맥스웰,영어영문학과,핵심전공
입체와 공간,FZ000100,김민형,미술대학,핵심전공
중국현대문학과 문화,AL001900,김수진,중국어문·문화학과,심화전공
전공실기 5,ID003900,성재형,무용예술학과,심화전공
전공실기 3,GB041300,이화경,기악과,핵심전공
정치학 고전의 이해,SS053700,윤종성,교양학부,핵심교양
공통 세계 단편 소설,SA030300,존 다니엘 맥카시,교양학부,공통교양
전공 실무영어,PB001000,앤드리아 톨레프슨,뷰티산업학과,핵심전공
전공실기 5,GB042400,오윤주,기악과,심화전공
전통윤리,EC000100,윤용남,윤리교육과,핵심전공
현대수묵화연구1,FA001000,권순영,동양화과,핵심전공
전공실기 5,GB042400,김성희,기악과,심화전공
소비자복지와 웰빙산업,PC001200,박배진,소비자생활문화산업학과,핵심전공
타이포그래피 1,FE025000,황상준,산업디자인과,핵심전공
전공실기 1,GB040100,이재완,기악과,핵심전공
공통 프랑스어,SA040300,안성은,교양학부,공통교양
전공실기 3,GB041300,민유경,기악과,핵심전공
교육연구방법,EA002200,강태훈,교육학과,핵심전공
전공실기 1,GA040100,김경란,성악과,핵심전공
예술 비즈니스 창업론,SS056400,김대원,창업교육팀,진로소양
자바프로그래밍,LC001800,이윤경,컴퓨터공학과,핵심전공
음악분석 3,GC002600,정미선,작곡과,심화전공
미디어비즈니스,BH030400,심상민,미디어커뮤니케이션학과,심화전공
현대드로잉 1,FB040900,안중경,서양화과,핵심전공
해킹프로그램실습 1,LB002100,이별,융합보안공학과,심화전공
일반화학 Ⅰ,SB030300,심용호,화학과,핵심교양
R통계분석,CE052700,김동하,통계학과,핵심전공
협업생산프로젝트(LBD),FD056500,박태성,공예과,심화전공
고급C++프로그래밍,LC004000,오장민,컴퓨터공학과,핵심전공
프랑스 문화와 명작산책,AJ000300,김혜중,프랑스어문·문화학과,핵심전공
교육통계,EA040700,김명연,교육학과,심화전공
영양사현장실습,DB002400,표영희,식품영양학과,심화전공
전공실기 3,GB041300,김성희,기악과,핵심전공
근관절 기능해부학,DF000200,김영주,운동재활복지학과,핵심전공
상품개발 및 마케팅 1,FD007500,한명호,공예과,심화전공
웹프로그래밍기초,LZ000300,고다혜,서비스·디자인공학과,핵심전공
영화 제작실습 1,IB001800,권호영,미디어영상연기학과,핵심전공
학내연주 5,GB003700,임경원,기악과,심화전공
창조적 사고와 글쓰기,SA011200,김현화,교양학부,공통교양
미생물학,HA001300,황춘하,간호학과,핵심전공
웹정보검색,LC002900,심광섭,컴퓨터공학과,심화전공
전공실기 7,IC002900,김유미,현대실용음악학과,심화전공
니트디자인프로세스,FD057700,문보영,공예과,심화전공
일반화학 Ⅰ,SB030300,이향애,화학과,핵심교양
현대인의 질병과 영양,KU001600,미정,학사운영팀,일반교양
화성 및 실습 1,GC059500,김예진,작곡과,핵심전공
전공실기 3,GB041300,어수희,기악과,핵심전공
비판적 사고와 토론,SA011100,신승한,교양학부,공통교양
도자리빙디자인기초 1,FD057100,한영숙,공예과,핵심전공
전공실기 7,GB043600,박노을,기악과,심화전공
움직임과 표현 1,ID003100,이효연,무용예술학과,핵심전공
전공실기 3,GA040900,오미선,성악과,핵심전공
조리과학실험,DB002100,표영희,식품영양학과,심화전공
일본정치론,BB021000,한의석,정치외교학과,핵심전공
전공실기1,IC000100,신형찬,현대실용음악학과,핵심전공
형법각론,BZ000500,이성기,법학부,핵심전공
교육실습(유치원),TE061201,미정,유아교육과,교직
문화예술의 이해,AZ000500,신혜수,인문과학대학,핵심전공
글로벌 비즈니스와 해외영업 전략,PD002100,구자원,글로벌비즈니스,심화전공
공통 일본어,SA040200,이지사,교양학부,공통교양
대학생을 위한 경제교육과 실용금융,SS081700,권민수,교양학부,진로소양
인공지능,LC003100,이재원,컴퓨터공학과,심화전공
전공실기 1,GB040100,김도연,기악과,핵심전공
통계 패키지를 활용한 자료 분석,BC052400,맹세호,심리학과,심화전공
초급 공간디자인실습,FE055800,안민선,산업디자인과,핵심전공
경제법,BA052100,황태희,법학부,심화전공
식물분류학,LG000900,김상태,바이오생명공학과,핵심전공
힐링이 있는 클래식 음악,SS051700,강석순,교양학부,핵심교양
성격심리학,BC041000,이상하,심리학과,핵심전공
창조적 사고와 글쓰기,SA011200,박근예,교양학부,공통교양
수영,DE023100,이수정,스포츠과학부,핵심전공
프랑스언어학입문 1,AJ002100,박선희,프랑스어문·문화학과,심화전공
최근 역사 쟁점과 논쟁,AG003100,이지영,사학과,심화전공
시창.청음 1,GC040500,강은경,작곡과,핵심전공
무기 체계론,SS032200,조현행,교양학부,핵심교양
전공실기 5,GB042400,안미현,기악과,심화전공
공통 스페인어,SA040500,조영실,교양학부,공통교양
동?서 철학의 만남,SS011200,양선진,교양학부,핵심교양
교육철학,EA000100,심형진,교육학과,핵심전공
자료구조,LC000700,이택,컴퓨터공학과,핵심전공
젠더로 본 세계화,SS102100,김미덕,교양학부,핵심교양
생활 속의 과학,SS050900,김상태,교양학부,핵심교양
노인간호학,HA001900,천주영,간호학과,심화전공
전공실기 5,GA041600,정수연,성악과,심화전공
서양근세미술과 문화,FB051100,이혜진,서양화과,핵심전공
도시교통-토지이용론,BD003400,박소현,지리학과,심화전공
디지털세라믹프로세스1,FD054600,한영숙,공예과,심화전공
모델링,FZ002200,김성복,미술대학,핵심전공
일반화학실험 1,CI000300,김정현,화학·에너지융합학부,핵심전공
프로젝트개발 및 창업,LC002700,서동수,컴퓨터공학과,심화전공
산학 협동 인턴십,SS077700,미정,현장실습운영팀,진로소양
현대문학의 이해,AA040100,김명석,국어국문학과,핵심전공
정신간호학 1,HA002600,정명실,간호학과,심화전공
보안소프트웨어 분석과 개발,LB003000,이택,융합보안공학과,심화전공
무용워크샵트레이닝 1,ID003600,김미숙,무용예술학과,핵심전공
시창.청음 1,GA040500,성혜진,성악과,핵심전공
마케팅조사론,BF050600,김남희,경영학과,심화전공
창조적 사고와 글쓰기,SA011200,김보람,교양학부,공통교양
동양정치사상,BB041200,김동현,정치외교학과,심화전공
공간장식도자 1,FD004900,한영숙,공예과,심화전공
전공실기 3,GB041300,허상미,기악과,핵심전공
VR 콘텐츠디자인,LA002100,김현석,서비스·디자인공학과,심화전공
파이썬프로그래밍,SA046200,김준영,정보시스템공학과,공통교양
유아를 위한 세계시민교육,EE061300,김고은,유아교육과,심화전공
미디어 아트 1,FC000100,이지숙,조소과,핵심전공
학교상담과 생활지도,BC002400,이정윤,심리학과,심화전공
전공실기 3,ID003400,이효연,무용예술학과,핵심전공
전공실기 3,IC000800,신기남,현대실용음악학과,핵심전공
디지털 오디오 워크스테이션 이해와 활용: 프로 툴스 1,IC001100,고남수,현대실용음악학과,핵심전공
문학과 여성,SS014200,정혜연,교양학부,핵심교양
재즈건반실습 1,GC060600,김지은,작곡과,심화전공
전공실기 3,GB041300,이혜선,기악과,핵심전공
전통무용,SS061400,성재형,교양학부,진로소양
공통 프랑스어,SA040300,음두은,교양학부,공통교양
사회심리학,BC040900,박혜경,심리학과,핵심전공
화성 및 이론 3(편곡),GB053500,정영빈,기악과,핵심전공
설득의 과학,SS086900,소현진,교양학부,핵심교양
자기 이해와 진로탐색,SS055100,이정은,인재개발팀,진로소양
공통 영어 스피치와 프레젠테이션 Ⅱ,SA020200,저스틴 벙커 버그,교양학부,공통교양
물리화학특강,CI003100,이철우,화학과,심화전공
사회조사방법론,CE001700,이성건,통계학과,심화전공
기본간호학실습 1,HA002900,김영주,간호학과,핵심전공
기초 회계의 이해,SS081300,이석영,교양학부,핵심교양
민법총칙,BZ000200,전광백,법학부,핵심전공
웹 보안,LB002300,이일구,융합보안공학과,핵심전공
GIS응용,BD002400,정재준,지리학과,심화전공
인테리어디자인,FE057500,윤현경,산업디자인과,심화전공
미술사와 창작,FZ000700,박관택,미술대학,핵심전공
전공실기1,IC000100,허준영,현대실용음악학과,핵심전공
생화학실험,CI002100,박성순,화학과,심화전공
전공실기 5,GB042400,박성진,기악과,심화전공
디지털컨텐츠,LZ000200,안민지,서비스·디자인공학과,핵심전공
전공실기 3,GB041300,윤유진,기악과,핵심전공
전공실기 7,GA042500,김범진,성악과,심화전공
공통 서구 문화의 이해,SA030500,다릴 로스,교양학부,공통교양
대중예술사,IZ000100,김정섭,융합문화예술대학,핵심전공
사회문제론,DD010700,조윤주,사회복지학과,핵심전공
텍스타일디자인프로세스 1,FD040700,이재선,공예과,핵심전공
세라믹프로덕트 디자인 1,FD008300,정소영,공예과,심화전공
요가테라피1,ID001700,임영희,무용예술학과,심화전공
탁구,DE020900,이시은,스포츠과학부,핵심전공
문화 속 디자인여행,KU012800,미정,학사운영팀,일반교양
문화예술법,BJ000600,황태희,법학부,핵심전공
재현적표현 1,FB041700,윤영혜,서양화과,핵심전공
패턴디자인기초,FD055500,정병헌,공예과,핵심전공
독일예술가곡,GA001600,김샤론,성악과,핵심전공
공통 영어 스피치와 프레젠테이션 Ⅱ,SA020200,마타 라카누이,교양학부,공통교양
일본어 교과교육론,AK001800,김옥임,일본어문·문화학과,심화전공
획과 여백 1,FZ001300,권기범,미술대학,핵심전공
학내연주 3,GB003500,오윤주,기악과,핵심전공
인체표현,FZ002600,이현정,미술대학,핵심전공
전공실기 5,GB042400,강석진,기악과,심화전공
전공실기 5,IC002000,이상원,현대실용음악학과,심화전공
비판적 사고와 토론,SA011100,서광열,교양학부,공통교양
음악형식 1,IC001300,김한아,현대실용음악학과,핵심전공
복소함수론,CA000900,황정연,수학과,심화전공
자존감 수업,SS042200,조주희,교양학부,핵심교양
전공실기 5,GB042400,민유경,기악과,심화전공
단막극제작실습 1,IB002900,신동길,미디어영상연기학과,핵심전공
전공실기 3,IC000800,송준영,현대실용음악학과,핵심전공
무기화학실험,CI001800,구본재,화학과,심화전공
근현대윤리이론,EC052100,권수현,윤리교육과,심화전공
기업재무,BF091400,정미화,경영학과,심화전공
국제정치사,BB041100,유나영,정치외교학과,핵심전공
전공실기 7,ID004400,장운규,무용예술학과,심화전공
대중문화와 문화연구,BH040900,박소연,미디어커뮤니케이션학과,심화전공
전공실기 3,IC000800,정이령,현대실용음악학과,핵심전공
일본어학개론,AK002100,안평호,일본어문·문화학과,심화전공
디자인씽킹스튜디오 1,FE043900,최인환,산업디자인과,심화전공
전공실기 3,IC000800,윤혜린,현대실용음악학과,핵심전공
합창 1,GA040300,김범진,성악과,핵심전공
전공실기 7,GB043600,피호영,기악과,심화전공
초급중국어 회화 1,AL000200,김경림,중국어문·문화학과,핵심전공
공통 중국어,SA040100,김경림,교양학부,공통교양
기초연기실습 1,IB000300,김혜진,미디어영상연기학과,핵심전공
중급일본어연습 1,AK000200,다케우치 노리아키,일본어문·문화학과,핵심전공
의과학과 화학입문 1,HB000700,이향애,글로벌의과학과,핵심전공
파이썬프로그래밍,SA046200,이종빈,정보시스템공학과,공통교양
고급재즈화성학 1,GC059800,김지은,작곡과,핵심전공
병리학,HA001000,임사란,간호학과,핵심전공
관현악을 위한 대위법 1,GB005300,전민재,기악과,핵심전공
디자인패턴,LD002900,홍의석,정보시스템공학과,심화전공
다문화사회의 생명윤리,EC001700,이경희,윤리교육과,핵심전공
동물생리학,LG001900,전용필,바이오생명공학과,심화전공
소비자유통과 창업,PC001900,양수진,소비자생활문화산업학과,심화전공
스포츠경영학,DE001700,정영남,스포츠레저학과,심화전공
전공이론 및 악기(B) 3,GC055400,김지현,작곡과,핵심전공
전공실기 5,GB042400,김도연,기악과,심화전공
초급화성 및 이론 1,GC060500,박지영,작곡과,핵심전공
금융기관론,BF050900,이현석,경영학과,심화전공
예술적 얼굴과 감정조절,SS101800,임상빈,교양학부,핵심교양
가계경제와 시장,PC000200,차경욱,소비자생활문화산업학과,핵심전공
디지털그래픽스,LD002100,변혜원,정보시스템공학과,심화전공
마케팅커뮤니케이션 효과론,BH042200,김동성,미디어커뮤니케이션학과,핵심전공
전공실기1,IC000100,박규연,현대실용음악학과,핵심전공
기초독일어회화 1,AI003500,마누엘 보가드,독일어문·문화학과,핵심전공
민주주의론,EC040600,권미정,윤리교육과,핵심전공
전공실기 7,GC023000,이인식,작곡과,심화전공
조직행동론,BF040800,국화,경영학과,핵심전공
열역학,LE001400,김정수,청정융합에너지공학과,핵심전공
관악합주 5,GB043000,김동수,기악과,심화전공
피아노문헌 1,GB043400,임지연,기악과,심화전공
계량경제학,BE050500,강석훈,경제학과,심화전공
공통 영어 스피치와 프레젠테이션 Ⅰ,SA020100,마타 라카누이,교양학부,공통교양
고급일본어회화,AK001900,네고로 유키,일본어문·문화학과,심화전공
전공실기 7,IC002900,임경은,현대실용음악학과,심화전공
전공실기 7,IC002900,김영준,현대실용음악학과,심화전공
알고리즘분석,LD002000,김도형,정보시스템공학과,심화전공
전공실기 3,GB041300,김승현,기악과,핵심전공
창조적 사고와 글쓰기,SA011200,이세경,교양학부,공통교양
일반생물학 1,HB000300,최상철,글로벌의과학과,핵심전공
동아시아정치경제론,BB052800,이유정,정치외교학과,심화전공
경서강독,ED002100,김희영,한문교육과,핵심전공
학내연주 3,GA004100,김미현,성악과,핵심전공
전공실기1,IC000100,김희주,현대실용음악학과,핵심전공
커뮤니케이션디자인 프로젝트,FE060700,김형우,산업디자인과,심화전공
창조적 사고와 글쓰기,SA011200,정슬아,교양학부,공통교양
마케팅원론,IA000800,김시영,문화예술경영학과,핵심전공
국어 논리 및 논술,AA032700,김혜련,국어국문학과,심화전공
물리학 1,HB001100,조명원,글로벌의과학과,핵심전공
전공실기 5,GB042400,정재원,기악과,심화전공
전공실기 5,GC021300,설수경,작곡과,심화전공
동양고전의 산책,SS058000,김희영,교양학부,핵심교양
인텔리전스 서비스디자인,LA003100,김현석,서비스·디자인공학과,심화전공
전통과 현대염색기법,PA001000,손혜승,의류산업학과,핵심전공
통합금속공예실기 1,FD040500,김종승,공예과,핵심전공
일반생물학 Ⅰ,SB030500,최상철,바이오생명공학과,핵심교양
자기이해 및 윤리교육 진로탐색,EC052000,윤용남,윤리교육과,핵심전공
합주 7,GB046400,김광현,기악과,심화전공
간호관리학,HA004100,고정미,간호학과,심화전공
교육과정,TE060700,황순예,교육학과,교직
전공실기 5,GA041600,김범진,성악과,심화전공
전공실기 7,GA042500,박경희,성악과,심화전공
창조적 사고와 글쓰기,SA011200,김자영,교양학부,공통교양
중국어번역연습,AL003200,황정희,중국어문·문화학과,심화전공
근대영국소설,AB050900,정이화,영어영문학과,핵심전공
세계 복식과 패션정보,SS024500,이정명,교양학부,핵심교양
졸업작품연구 1,FB053500,임상빈,서양화과,심화전공
해부생리학 1,HB000100,전민영,글로벌의과학과,핵심전공
국문학의 이해,AA000200,심치열,국어국문학과,핵심전공
서양 시각예술론,FB000800,이혜진,서양화과,심화전공
동시대 조각의 현장 1,FC001200,이연숙,조소과,핵심전공
초급중국어 회화 1,AL000200,리우 나,중국어문·문화학과,핵심전공
데이터 사이언스 1,BF051300,심선영,경영학과,심화전공
전공실기 3,GA040900,정나리,성악과,핵심전공
행정법총론,BA040800,이재훈,법학부,심화전공
프랑스어,SS084100,이명은,교양학부,진로소양
지휘법 1,GB001300,김동수,기악과,심화전공
여성과 경제,BE000900,김난주,경제학과,핵심전공
American Culture and History,SS082100,존 다니엘 맥카시,교양학부,핵심교양
공간디자인스튜디오 1,FE058700,장기윤,산업디자인과,심화전공
현대조각 1,FC040900,노주환,조소과,심화전공
공통 영어 스피치와 프레젠테이션 Ⅰ,SA020100,다릴 로스,교양학부,공통교양
태권도,DE011000,김영진,스포츠과학부,핵심전공
전공실기 5,GB042400,정담온,기악과,심화전공
유아교사론,EE001600,김은희,유아교육과,심화전공
모두의 인공지능,OU098400,미정,학사운영팀,일반교양
전공실기 7,GB043600,김성희,기악과,심화전공
통계프로그래밍,CE000200,오찬욱,통계학과,핵심전공
화학 교과교육론,CI002300,김경순,화학과,심화전공
공통 영어 스피치와 프레젠테이션 Ⅱ,SA020200,로난 맥알리스터,교양학부,공통교양
현대 사회와 소외,SG040400,김선주,교양학부,핵심교양
컴퓨터생물학개론,LG002900,최상철,바이오생명공학과,핵심전공
20세기음악 1,GC050600,임현경,작곡과,심화전공
전공실기 7,GB043600,이재준,기악과,심화전공
뉴미디어,FB052800,임상빈,서양화과,심화전공
파이썬프로그래밍,SA046200,김호성,정보시스템공학과,공통교양
초급프랑스어 1,AJ000100,이채영,프랑스어문·문화학과,핵심전공
가정 교과교육론,PZ000100,이신애,뷰티 생활산업국제대학,심화전공
정치학원서강독,BB000100,김영호,정치외교학과,심화전공
공통 실용적 영어 글쓰기 Ⅱ,SA020500,저스틴 벙커 버그,교양학부,공통교양
움직임과 표현 1,ID003100,유지연,무용예술학과,핵심전공
테니스 1,DE021000,김현경,스포츠레저학과,핵심전공
전공실기 7,GB043600,일리야 라쉬코프스키,기악과,심화전공
헌법 3,BA001300,정연주,법학부,핵심전공
전공실기 5,GA041600,이정은,성악과,심화전공
기본간호학실습 1,HA002900,나윤희,간호학과,핵심전공
현대회화 3(복합매체),FB054000,김태서,서양화과,심화전공
이상심리학,BC000200,김명선,심리학과,심화전공
서양음악사및문헌 1,GC000900,이혜진,작곡과,핵심전공
생활 도예,SS081600,강인경,교양학부,진로소양
독일 미디어와 언어,AI003900,홍미경,독일어문·문화학과,심화전공
빅데이터분석,LA002300,윤상덕,서비스·디자인공학과,심화전공
비즈니스모델링,LA002400,이여름,서비스·디자인공학과,심화전공
전쟁과 평화,BB052400,김용직,정치외교학과,심화전공
전공실기 3,GB041300,최고은,기악과,핵심전공
전공실기 7,GB043600,이세영,기악과,심화전공
합주 1,GB045200,김동수,기악과,핵심전공
테이블웨어프로젝트 1,FD057900,이혜미,공예과,심화전공
웹프로그래밍기초,LZ000300,김경진,서비스·디자인공학과,핵심전공
비판적 사고와 토론,SA011100,김형중,교양학부,공통교양
한국미술사 1,FZ002300,이보연,미술대학,핵심전공
졸업작품연구 2,FB053600,박영근,서양화과,심화전공
식물분류학실험,LG001200,김상태,바이오생명공학과,핵심전공
기초메이크업,PB000400,김정하,뷰티산업학과,핵심전공
영상연기 실습 1,IB002100,손보민,미디어영상연기학과,핵심전공
과학 논리 및 논술,CI002200,김경순,화학과,심화전공
스포츠카운셀링,DF003000,천성민,운동재활복지학과,심화전공
현대조각 1,FC040900,정정주,조소과,심화전공
자유창작 1,FC041400,노주환,조소과,심화전공
해석학개론 및 연습 1,CA000500,김도현,수학과,핵심전공
Eco-Politics,BB001500,박진곤,정치외교학과,핵심전공
단막극제작실습 1,IB002900,김혜진,미디어영상연기학과,핵심전공
창조적 사고와 글쓰기,SA011200,선민서,교양학부,공통교양
최신통계방법론,CE053300,최병정,통계학과,심화전공
화장품과 피부,SS086200,최서정,교양학부,핵심교양
전공이론 및 악기(A) 7,GC055700,유선옥,작곡과,심화전공
안보학,SS057300,이성희,학생군사교육단,진로소양
다매체 유아교육 방법론,EE001300,조미영,유아교육과,심화전공
융합보안 범죄대책론,LB002600,이상학,융합보안공학과,심화전공
전공실기 3,GC020500,설수경,작곡과,핵심전공
특수체육,DF004400,임상훈,운동재활복지학과,심화전공
동요반주법 3,EE001100,강보라,유아교육과,핵심전공
디지털이미징 1,FE092200,박한진,산업디자인과,심화전공
졸업프로젝트,PA003400,염미선,의류산업학과,심화전공
일본 근현대문학과 내러티브,AK002900,홍윤표,일본어문·문화학과,심화전공
비판적 사고와 토론,SA011100,주민재,교양학부,공통교양
공통 프랑스어,SA040300,황원미,교양학부,공통교양
현대회화 1,FB040700,임상빈,서양화과,핵심전공
우리 문화 속의 한자어,SS079900,김용재,교양학부,핵심교양
주식회사법,BA003400,박한성,법학부,심화전공
반주법 1,GB001700,고은지,기악과,심화전공
공통 일본어,SA040200,김유진,교양학부,공통교양
교육평가,TE060800,강태훈,교육학과,교직
사회복지학개론,DD010100,이승기,사회복지학과,핵심전공
위상수학 1,CA041000,윤기헌,수학과,심화전공
전공실기 5,IC002000,윤영삼,현대실용음악학과,심화전공
이산수학,LD000200,유재현,정보시스템공학과,핵심전공
헌법 1,BA040200,정연주,법학부,핵심전공
컴퓨팅적 사고,SA045400,진동욱,교양학부,공통교양
한?중 문화와 컨텐츠,KS002800,송향경,국제교류지원팀,진로소양
전공실기 5,GA041600,박경희,성악과,심화전공
입체와 공간,FZ000100,김주영,미술대학,핵심전공
영양교육 및 상담실습,DB001700,이승민,식품영양학과,심화전공
게임이론,BE001400,이동열,경제학과,핵심전공
현대음악의 이해,OU099100,미정,학사운영팀,일반교양
전공실기 3,IC000800,김주현,현대실용음악학과,핵심전공
20세기피아노문헌,GB002800,이준성,기악과,심화전공
문화예술감상과 이해,IA000200,정경미,문화예술경영학과,핵심전공
중국의 사상과 문화,SS030500,신준호,교양학부,핵심교양
융합과학개론,LE003600,양인목,청정융합에너지공학과,핵심전공
전공실기 7,ID004400,최경란,무용예술학과,심화전공
성장과 발달,HA000100,김동희,간호학과,핵심전공
영미 대중음악과 문화,SS102400,마이클 엘리어트,교양학부,진로소양
TV드라마 연기실습 1,IB002200,손보민,미디어영상연기학과,심화전공
재무회계,BF040400,전홍민,경영학,핵심전공
프랑스어 어휘와 문화,AJ002200,박혜선,프랑스어문·문화학과,심화전공
교육실습(보건),TE061204,미정,간호학과,교직
공통 일본어,SA040200,유혜경,교양학부,공통교양
전공실기 7,GC023000,구본우,작곡과,심화전공
전공실기 7,GB043600,정담온,기악과,심화전공
마케팅원론,IA000800,김정선,문화예술경영학과,핵심전공
포스트휴머니즘의 이해,SS101300,석기용,교양학부,핵심교양
초급중국어 회화 1,AL000200,노은정,중국어문·문화학과,핵심전공
식품 물리화학,LF000500,김종훈,바이오식품공학과,핵심전공
전공실기 5,GB042400,황소진,기악과,심화전공
극장 경영,IA001500,김종헌,문화예술경영학과,심화전공
북한학,SS022500,조현행,교양학부,핵심교양
패션마케팅,PA000300,정이재,의류산업학과,핵심전공
한국인의 문화와 심리,OU002100,미정,학사운영팀,일반교양
English through Film and Television,SS081800,앤드리아 톨레프슨,교양학부,진로소양
유비쿼터스컴퓨팅,LC003000,조미영,컴퓨터공학과,심화전공
해킹프로그램실습 1,LB002100,장대희,융합보안공학과,심화전공
뷰티산업의 진로와 전망 ,PB000200,김민경,뷰티산업학과,핵심전공
실내악 1,GB051200,황소진,기악과,핵심전공
공통 드라마 영어,SA030200,수잔 홀랜드,교양학부,공통교양
호신술,SS060900,양윤권,교양학부,진로소양
회화적 사진,FB053000,조병왕,서양화과,핵심전공
단체급식 및 실습,DB001900,고성희,식품영양학과,심화전공
교육실습(영양),TE061203,미정,식품영양학과,교직
미적분과 벡터해석 기초,SA045900,김도현,수학과,공통교양
전공실기 5,GB042400,정순섭,기악과,심화전공
머신러닝을 위한 수학,CA061100,김주홍,수학과,핵심전공
기후학,BD000300,박경,지리학과,심화전공
창조적 사고와 글쓰기,SA011200,이은우,교양학부,공통교양
국가안보론,SS020400,공평원,교양학부,핵심교양
창조적 사고와 글쓰기,SA011200,이주영,교양학부,공통교양
음악분석 1,IC000400,김한아,현대실용음악학과,핵심전공
컴퓨터ㆍ전자음악 1,GC007400,조진옥,작곡과,핵심전공
졸업프로젝트,PA003400,이영주,의류산업학과,심화전공
전공실기 5,GC021300,이인식,작곡과,심화전공
생물통계학,LG002000,최상철,바이오생명공학과,심화전공
성악문헌 1,GA002100,송혜진,성악과,심화전공
산업복지론,DD041600,조윤주,사회복지학과,심화전공
전공실기 1,GB040100,윤유진,기악과,핵심전공
통합금속공예실기 1,FD040500,신혜정,공예과,핵심전공
여성학 개론 Ⅰ,SS101400,김미덕,교양학부,핵심교양
전공실기 5,GB042400,박준서,기악과,심화전공
발레: 융합문화예술의 실제,SS053400,김주원,교양학부,핵심교양
아동간호학 2,HA003300,김동희,간호학과,심화전공
전공실기 3,IC000800,김주헌,현대실용음악학과,핵심전공
윤리학개론,EC040400,권수현,윤리교육과,핵심전공
산업디자인기초,FE003200,최인환,산업디자인과,핵심전공
전공실기 7,GB043600,정순섭,기악과,심화전공
컴퓨터시스템관리,LC000900,김종완,컴퓨터공학과,핵심전공
지역사회간호학실습1,HA004300,조정민,간호학과,심화전공
비판적 사고와 토론,SA011100,손성우,교양학부,공통교양
현대소설과 사회,AA040900,김명석,국어국문학과,핵심전공
특수교육학개론,TE061500,최은정,교육학과,교직
영사법무학1,BZ000800,김현명,법학부,심화전공
동아시아의 역사와 문화,SS050300,이완석,교양학부,핵심교양
창조적 사고와 글쓰기,SA011200,구선정,교양학부,공통교양
전공실기 1,GA040100,백경원,성악과,핵심전공
응용메이크업,PB001400,량쉬,뷰티산업학과,핵심전공
창업과 법,BJ003300,임광섭,지식산업법학과,심화전공
지형학,BD000700,박경,지리학과,핵심전공
합창지휘 1,GA003200,박승유,성악과,심화전공
시창.청음 3,GA050100,성혜진,성악과,핵심전공
기초조형1,FA060600,김희진,동양화과,핵심전공
인터페이스디자인 1,FE092000,신수민,산업디자인과,심화전공
인터넷 쇼핑몰 구축과 창업,SS083600,호준환,창업교육팀,진로소양
소비자재무설계,PC000800,김정현,소비자생활문화산업학과,핵심전공
교육사회,TE061100,서승연,교육학과,교직
단체급식관리,DB041200,고성희,식품영양학과,심화전공
졸업작품 및 논문 ,PB003900,박초희,뷰티산업학과,심화전공
정보시스템 캡스톤디자인,LD002800,정영희,정보시스템공학과,심화전공
비즈니스 프랑스어,AJ002900,토마 기데,프랑스어문·문화학과,심화전공
일본 고전문법의 이해,AK002800,김원기,일본어문·문화학과,심화전공
전공실기 7,GB043600,황대남,기악과,심화전공
빅데이터의 이해와 활용,SS079500,허명회,교양학부,핵심교양
초급중국어 1,AL000300,김은희,중국어문·문화학과,핵심전공
고급회계,BF052100,전홍민,경영학과,심화전공
공예와문화 1,FD094200,김시만,공예과,핵심전공
프랑스어 어법과 연습 1,AJ000800,홍용철,프랑스어문·문화학과,핵심전공
유아교육개론,EE040200,배지희,유아교육과,핵심전공
성악 세미나 3,GA054000,김범진,성악과,핵심전공
창조적 사고와 글쓰기,SA011200,신민영,교양학부,공통교양
자바프로그래밍 응용,LC002400,우종정,컴퓨터공학과,심화전공
경영통계학,BF000100,경나경,경영학부,핵심전공
전공실기 3,GB041300,이세영,기악과,핵심전공
유아 및 노인체육,DE010200,김은정,스포츠레저학과,핵심전공
전공실기 5,IC002000,우미진,현대실용음악학과,심화전공
전공실기 5,GA041600,오미선,성악과,심화전공
음악치료학,GC090500,강경선,작곡과,핵심전공
오페라의 이해,SS052900,오유석,교양학부,핵심교양
보육과정,EE000700,황인애,유아교육과,핵심전공
전공실기 1,ID003000,박순영,무용예술학과,핵심전공
공통 드라마 영어,SA030200,스티븐 파이겐바움,교양학부,공통교양
송라이팅을 위한 보컬 합주 1,IC002600,윤혜린,현대실용음악학과,심화전공
국제경영학,BF041100,신철호,경영학과,심화전공
프로그램개발과 평가,DD030500,박주희,사회복지학과,심화전공
미국 드라마 스토리텔링,AB001400,마이클 엘리어트,영어영문학과,심화전공
교육학 교과교육론,EA041400,김명랑,교육학과,심화전공
비판적 사고와 토론,SA011100,이혜진,교양학부,공통교양
도시지리학,BD040700,이자원,지리학과,핵심전공
비판적 사고와 토론,SA011100,기유정,교양학부,공통교양
"기본권, 세상과 통하는 법",SS100300,김연식,교양학부,핵심교양
공연워크샵 1,IB000900,김정훈,미디어영상연기학과,심화전공
패션창업과 마케팅 1,PA003300,이영주,의류산업학과,심화전공
동남아정치론,BB000700,윤진표,정치외교학과,심화전공
자바프로그래밍 응용,LC002400,이윤경,컴퓨터공학과,심화전공
언어의 표현과 이해 Ⅱ,KS002100,주월랑,국제교류지원팀,진로소양
전공실기 5,GB042400,강희선,기악과,심화전공
인권의 이해,SS070300,올리버 테리,교양학부,핵심교양
지역사회간호학 1,HA002000,조정민,간호학과,심화전공
중국어 Ⅱ,SG011400,신준호,교양학부,진로소양
생활 속의 의학정보,SS056700,유하정,교양학부,핵심교양
영어 통번역 입문,SS057900,김장욱,교양학부,진로소양
정보디자인 1,FE058200,권다은,산업디자인과,심화전공
독일어권 문화와 사회,AI000200,김길웅,독일어문·문화학과,핵심전공
공간연출디자인스튜디오 1,FE058900,이소영,산업디자인과,심화전공
사용자경험디자인,FE058000,김혜린,산업디자인과,심화전공
한문 교과교육론,ED003900,정효영,한문교육과,심화전공
이태리어딕션,GA000700,박지현,성악과,핵심전공
현대대수학 1,CA000700,신용수,수학과,심화전공
현대프랑스소설과 작가,AJ003000,김지현,프랑스어문·문화학과,심화전공
전쟁사,SS022400,공평원,교양학부,핵심교양
국가브랜드의 의미와 이해,SS054800,서경덕,교양학부,핵심교양
분석화학 1,CI000900,신민정,화학과,핵심전공
자료구조,LC000700,장재경,컴퓨터공학과,핵심전공
무용워크샵트레이닝 1,ID003600,정경화,무용예술학과,핵심전공
이상심리학,BC000200,서수연,심리학과,심화전공
시창.청음 1,GB040500,김지현,기악과,핵심전공
바이오식품안전법규,LF001900,현정은,바이오식품공학과,심화전공
문화내러티브 기획과 실제,AZ001100,김정숙,인문과학대학,심화전공
전공실기1,IC000100,이나경,현대실용음악학과,핵심전공
전공실기1,IC000100,정민영,현대실용음악학과,핵심전공
마케팅원론,BF040500,김종배,경영학과,핵심전공
패션디자인CAD 2,PA004400,김덕하,의류산업학과,심화전공
주얼리디자인기획 1,FD058300,김송,공예과,심화전공
전공실기 3,GB041300,김도연,기악과,핵심전공
전공실기 7,GB043600,이응우,기악과,심화전공
창조적 사고와 글쓰기,SA011200,박상란,교양학부,공통교양
일반화학실험 1,CI000300,채정현,화학·에너지융합학부,핵심전공
가족생활교육,DD020100,박주희,사회복지학과,핵심전공
획과 여백 1,FZ001300,홍지윤,미술대학,핵심전공
한국근현대동양화 이론과 현장,FA051900,이보연,동양화과,심화전공
춤의 이해,OU098900,미정,학사운영팀,일반교양
비즈니스를 위한 인공지능,SS102300,심선영,교양학부,핵심교양
전공실기 7,GB043600,오윤주,기악과,심화전공
서예,ED000200,이진선,한문교육과,핵심전공
한국 사상 오딧세이,SS078600,전수연,교양학부,핵심교양
외국어 논리 및 논술(서양권),AB032300,고정민,영어영문학과,심화전공
일반생물학실험 1,LG000200,임동현,바이오생명공학과,핵심전공
교육실습(전문상담),TE061202,미정,심리학과,교직
전공실기 7,GC023000,강은경,작곡과,심화전공
글로벌 비즈니스를 위한 경제학,PD000200,이윤경,경영학부,핵심전공
브랜딩1,FE058400,장혜진,산업디자인과,심화전공
ICT와 글로벌 비즈니스,PD003000,구자원,글로벌비즈니스,심화전공
국제정치사상,BB000200,김영호,정치외교학과,심화전공
사회적서비스디자인,LA002200,최경아,서비스·디자인공학과,심화전공
타이포그래피 1,FE025000,홍민아,산업디자인과,핵심전공
성악 세미나 1,GA053900,오미선,성악과,핵심전공
영사법무 사례연구,BZ000900,한동만,법학부,심화전공
영어 발음의 원리,SS102900,윤태진,교양학부,진로소양
전공실기 1,GB040100,강희선,기악과,핵심전공
전공실기 7,GA042500,오미선,성악과,심화전공
회계원리,BF040200,이석영,경영학부,핵심전공
경제학특강,BE051500,강석훈,경제학과,심화전공
관현악법 1,GC001800,이인식,작곡과,심화전공
문화와 일상으로 본 서양사,SS052000,오경환,교양학부,핵심교양
전공실기 7,GB043600,이수아,기악과,심화전공
영어습득론,AB001900,고정민,영어영문학과,심화전공
글로벌 커뮤니케이션 II,PD000500,이윤경,글로벌비즈니스,핵심전공
논리학,EC050200,권수현,윤리교육과,핵심전공
의료커뮤니케이션,HB005700,전민영,글로벌의과학과,심화전공
클래스인스트루먼트 1,GB002500,김진주,기악과,심화전공
기초독일어 1,AI000100,김륜옥,독일어문·문화학과,핵심전공
전공실기 1,GB040100,안미현,기악과,핵심전공
자기이해 및 유아교육 진로탐색,EE003200,김고은,유아교육과,핵심전공
클래스인스트루먼트 1,GB002500,문제임스재원,기악과,심화전공
한?중 문화와 컨텐츠,KS002800,강선화,국제교류지원팀,진로소양
생활 한자,SS035700,김용재,교양학부,진로소양
주얼리디자인 1,FD006700,신혜정,공예과,심화전공
인문지리학,BD040200,이자원,지리학과,핵심전공
졸업작품 및 논문 ,PB003900,조은진,뷰티산업학과,심화전공
졸업프로젝트,PA003400,오지혜,의류산업학과,심화전공
생활과 윤리 교과교육론,EC001300,이경희,윤리교육과,심화전공
전공실기 3,GB041300,정순섭,기악과,핵심전공
전공실기 3,IC000800,신형찬,현대실용음악학과,핵심전공
기초법 입문,BA041300,김나경,법학부,핵심전공
전통과 현대염색기법,PA001000,문윤경,의류산업학과,핵심전공
재즈 화성학 1,IC000900,이아선,현대실용음악학과,핵심전공
피아노워크숍 1,GB053700,최수빈,기악과,심화전공
바이오식품가공학,LF002900,장혜원,바이오식품공학과,심화전공
바이오식품가공학 및 공학 실험,LF003000,장혜원,바이오식품공학과,심화전공
"의료사고, 법으로 이해하기",SS100400,김나경,교양학부,핵심교양
문화유산의 이해,AG004700,이규철,사학과,핵심전공
가족상담,BC002500,차민정,심리학과,심화전공
필라테스 움직임 과학,SS036200,전홍조,교양학부,진로소양
전공실기 7,GB043600,임경원,기악과,심화전공
식품학개론,DB051200,표영희,바이오헬스융합학부,핵심전공
전공실기 5,ID003900,김주원,무용예술학과,심화전공
전공실기 5,GC021300,구본우,작곡과,심화전공
공통 실용적 영어 글쓰기 Ⅲ,SA020600,니노슬라브 란제로빅,교양학부,공통교양
수리통계학 1,CE040900,박만식,통계학과,핵심전공
전공실기 7,GB043600,안미현,기악과,심화전공
파이썬프로그래밍,SA046200,노현아,정보시스템공학과,공통교양
모션그래픽 워크샵 1,FE035100,이명숙,산업디자인과,심화전공
전공실기 3,GC020500,이인식,작곡과,핵심전공
인터페이스디자인 1,FE092000,박한진,산업디자인과,심화전공
채색화기초1,FA040500,최익진,동양화과,핵심전공
기업프로모션연출실무,PC002200,최배영,소비자생활문화산업학과,심화전공
합주 3,GB045800,김동수,기악과,핵심전공
창조적 사고와 글쓰기,SA011200,양정현,교양학부,공통교양
악기수리법 1,GB004900,전상진,기악과,심화전공
산업금속프로세스 1,FD007100,박예연,공예과,심화전공
전공 실무중국어,PB000900,박애화,뷰티산업학과,핵심전공
비판적 사고와 토론,SA011100,강소영,교양학부,공통교양
전공실기 3,GC020500,강은경,작곡과,핵심전공
보험법·운송법,BA050900,김한종,법학부,심화전공
소프트웨어융합기술개론,LB003700,박새롬,융합보안공학과,핵심전공
전공실기 3,IC000800,이상원,현대실용음악학과,핵심전공
현대드로잉 1,FB040900,박성환,서양화과,핵심전공
현대회화 3(구상),FB053800,박영근,서양화과,심화전공
국제법 1,BJ000700,박미경,법학부,핵심전공
전공실기 7,GB043600,민유경,기악과,심화전공
윤리와 논술,EC001900,문경호,윤리교육과,심화전공
중급프랑스어 회화 1,AJ001000,토마 기데,프랑스어문·문화학과,핵심전공
전공실기 3,GA040900,이지환,성악과,핵심전공
악기론 3,GC007200,김지현,작곡과,핵심전공
영상연기 실습 1,IB002100,권호영,미디어영상연기학과,핵심전공
시각디자인 1,FE004100,김나연,산업디자인과,핵심전공
음악학,GC051000,권오연,작곡과,심화전공
미디어글쓰기기초,BH042400,박상현,미디어커뮤니케이션학과,핵심전공
창조적 사고와 글쓰기,SA011200,구봉곤,교양학부,공통교양
자바프로그래밍,LC001800,김성민,컴퓨터공학과,핵심전공
전공이론 및 악기(A) 1,GC055100,이혜진,작곡과,핵심전공
한국경제론,BE051200,강석훈,경제학과,핵심전공
학내연주 5,GA004300,김미현,성악과,심화전공
관광지리학,BD000100,이금숙,지리학과,핵심전공
비판적 사고와 토론,SA011100,이지선,교양학부,공통교양
전공실기 1,GB040100,이준성,기악과,핵심전공
동요반주법 1,EE000200,강보라,유아교육과,핵심전공
졸업작품연구 3,FB054400,조병왕,서양화과,심화전공
신화와 함께하는 삶,SS101700,김나영,교양학부,핵심교양
전공실기 7,GB043600,김도연,기악과,심화전공
스튜디오 레코딩과 믹싱 1,IC002200,정채웅,현대실용음악학과,심화전공
보험통계학,CE001100,차재형,통계학과,핵심전공
비판적 사고와 토론,SA011100,강규호,교양학부,공통교양
프로그래밍언어론,LC002100,김도형,컴퓨터공학과,심화전공
한국복식디자인 2,PA001400,장민정,의류산업학과,핵심전공
교육사회,TE061100,임현선,교육학과,교직
전공실기 1,GA040100,신효진,성악과,핵심전공
서양고전과 윤리,EC002400,편상범,윤리교육과,심화전공
Reading Seminar: 정치와 사회운동,AG053500,홍석률,사학과,심화전공
일본어 기초표현 1,AK000300,안평호,일본어문·문화학과,핵심전공
음악은 왜 치료적인가,SS070600,강경선,교양학부,핵심교양
환경 홍보의 의미와 미래,SS088700,서경덕,교양학부,진로소양
3D디지털모델링 1,FD005500,이기욱,공예과,핵심전공
공통 영어 스피치와 프레젠테이션 Ⅰ,SA020100,앤드리아 톨레프슨,교양학부,공통교양
전공실기 5,IC002000,심영주,현대실용음악학과,심화전공
기초메이크업,PB000400,이유나,뷰티산업학과,핵심전공
취업정보 분석 및 입사전략,SS053301,김치성,인재개발팀,진로소양
통합도자공예실기 1,FD040600,박태성,공예과,핵심전공
전공실기 3,GB041300,김창호,기악과,핵심전공
미적분과 벡터해석 기초,SA045900,황정연,수학과,공통교양
모션그래픽스스튜디오 1,FE059500,이명숙,산업디자인과,심화전공
대중문화 속의 여성과 페미니즘,SS102200,김미덕,교양학부,핵심교양
기초 통계학,SA046100,이종협,통계학과,공통교양
전공이론 및 악기(B) 7,GC055800,김수현,작곡과,심화전공
역사적 내러티브의 이해와 활용,AG000300,조국,사학과,핵심전공
텍스타일디자인프로세스 1,FD040700,정병헌,공예과,핵심전공
전공실기 1,GB040100,김성희,기악과,핵심전공
공공 인재를 위한 기초 소양,SS042100,김연식,교양학부,핵심교양
섬유소재분석론,FD000500,박유리,공예과,핵심전공
비판적 사고와 토론,SA011100,최진호,교양학부,공통교양
전공실기 5,IC002000,임채광,현대실용음악학과,심화전공
독일어,SG010600,김진숙,교양학부,진로소양
전공실기 7,GB043600,강석진,기악과,심화전공
"클릭, 즐겨찾기ㆍ북한문화예술",KU000400,미정,학사운영팀,일반교양
통합금속공예실기 1,FD040500,김송,공예과,핵심전공
생화학 1,HB003100,임동현,글로벌의과학과,심화전공
산업디자인기초,FE003200,한옥재,산업디자인과,핵심전공
주제로 읽는 명저 : 인문학,SS080500,김륜옥,교양학부,핵심교양
문화 속 수학 읽기,SS087600,정해남,교양학부,핵심교양
일반화학실험 1,LE000200,홍사미,청정융합에너지공학과,핵심전공
장애인복지론,DD031000,이승기,사회복지학과,심화전공
전공실기 1,GC020300,강은경,작곡과,핵심전공
한국문학과 세계문학,AA000800,김명석,국어국문학과,심화전공
서양사 1- 고중세사,AG001000,차승현,사학과,핵심전공
현대 조직행동 이론,SS079200,윤정우,교양학부,핵심교양
획과 여백 1,FZ001300,김선영,미술대학,핵심전공
전공실기 3,IC000800,김유미,현대실용음악학과,핵심전공
전공실기 5,GB042400,임경원,기악과,심화전공
과학의 철학적 이해,SS079600,배식한,교양학부,핵심교양
창조적 사고와 글쓰기,SA011200,신정은,교양학부,공통교양
전공실기 1,GA040100,남정희,성악과,핵심전공
전공실기 7,GB043600,박준서,기악과,심화전공
전공실기 7,GB043600,김상애,기악과,심화전공
메디컬 에스테틱,PB003700,조선영,뷰티산업학과,심화전공
관악합주 1,GB040700,김동수,기악과,핵심전공
생명공학창의설계 1,LG003300,강창수,바이오생명공학과,심화전공
한국윤리사상,EC040700,윤용남,윤리교육과,심화전공
졸업작품 및 논문 ,PB003900,이유나,뷰티산업학과,심화전공
교직실무,TE061600,김명랑,교육학과,교직
비판적 사고와 토론,SA011100,이성준,교양학부,공통교양
생화학 1,CI001100,박성순,화학과,핵심전공
성인간호학 1,HA001700,양승애,간호학과,핵심전공
컴퓨터ㆍ전자음악 3,GC007600,조진옥,작곡과,핵심전공
현대사 세미나,AG002200,이진일,사학과,심화전공
창업을 위한 법의 이해,SS061900,이양복,창업교육팀,진로소양
시각디자인 1,FE004100,황상준,산업디자인과,핵심전공
매트필라테스,DF005000,오정하,운동재활복지학과,심화전공
영미단편,AB040600,앨리슨 맥스웰,영어영문학과,핵심전공
간호학개론,HA000200,조무용,간호학과,핵심전공
화보 및 영상 메이크업,PB002700,김현진,뷰티산업학과,심화전공
교수ㆍ학습이론,EA051700,노석준,교육학과,핵심전공
데이터 기반 PR 기획,BH042000,이형민,미디어커뮤니케이션학과,심화전공
바이오식품화학 1,LF001500,윤현근,바이오식품공학과,심화전공
초급 공간디자인실습,FE055800,장기윤,산업디자인과,핵심전공
전공실기 7,GB043600,김민조,기악과,심화전공
패션소재의 이해,PA000100,김미경,의류산업학과,핵심전공
내러티브 졸업세미나 2,AZ001400,김정숙,인문과학대학,심화전공
학교폭력 예방 및 학생의 이해,TE061700,이윤옥,교육학과,교직
전공실기1,IC000100,홍경섭,현대실용음악학과,핵심전공
일반화학 Ⅰ,SB030300,김정수,화학과,핵심교양
전공실기 1,GB040100,임현수,기악과,핵심전공
미적분과 벡터해석 기초,SA045900,김수리,수학과,공통교양
전공실기 5,GB042400,윤유진,기악과,심화전공
전공실기1,IC000100,박세윤,현대실용음악학과,핵심전공
도자표현연구 1,FD055300,김시만,공예과,핵심전공
UX 프로토타이핑,LA001200,김준철,서비스·디자인공학과,핵심전공
물리화학 3,CI002000,이철우,화학과,심화전공
전공실기 5,GB042400,이동곤,기악과,심화전공
English through Harry Potter,SA030900,콜 헌트,교양학부,공통교양
역사와 현실,SS088400,이규철,교양학부,핵심교양
전공실기 7,IC002900,심영주,현대실용음악학과,심화전공
일본어 고급표현 1,AK002000,김원기,일본어문·문화학과,심화전공
성과일상,OU098500,미정,학사운영팀,일반교양
초급영어 읽기와 쓰기,AB001000,마이클 엘리어트,영어영문학과,핵심전공
전공이론 및 악기(A) 7,GC055700,서윤정,작곡과,심화전공
청소년복지론,DD042000,조윤주,사회복지학과,핵심전공
생활문화지도실무,PC002000,백주원,소비자생활문화산업학과,심화전공
기초 통계학,SA046100,김형우,통계학과,공통교양
합주 5,GB046200,김광현,기악과,심화전공
초급프랑스어 1,AJ000100,홍용철,프랑스어문·문화학과,핵심전공
인적자원관리,BF040900,정종태,경영학과,심화전공
오페라워크샵 1,GA052600,이혜영,성악과,심화전공
비판적 사고와 토론,SA011100,김시형,교양학부,공통교양
스트레칭,DE013000,심유진,스포츠레저학과,심화전공
색채와 표현1,FA060800,박재철,동양화과,심화전공
유아과학교육,EE000800,이윤영,유아교육과,핵심전공
전공실기 3,GB041300,권혜진,기악과,핵심전공
사회사상사,EB000300,황경숙,사회교육과,핵심전공
전공실기 3,IC000800,이준,현대실용음악학과,핵심전공
전공실기1,IC000100,조석훈,현대실용음악학과,핵심전공
창작연주 5,GC005700,이인식,작곡과,심화전공
패턴 CAD,PA003100,김미영,의류산업학과,심화전공
골프 1,DE000700,임우택,스포츠레저학과,심화전공
중국정치외교론,BB001200,연상모,정치외교학과,핵심전공
전공실기 7,ID004400,김슬기,무용예술학과,심화전공
테이블웨어디자인 1,FD004500,김윤지,공예과,심화전공
중급프랑스어 1,AJ001100,홍용철,프랑스어문·문화학과,핵심전공
스페인 문화와 예술,KU004300,미정,학사운영팀,일반교양
자기이해 및 한문교육 진로 탐색,ED052500,김용재,한문교육과,핵심전공
조리원리,DB040100,이경연,식품영양학과,핵심전공
현악합주 7,GB052900,피호영,기악과,심화전공
비즈니스와 생활예절,SS015600,김선주,교양학부,진로소양
법학개론,BZ000100,이재훈,법학부,핵심전공
기업경제학,BF091900,이현석,경영학과,핵심전공
전공실기 3,GC020500,구본우,작곡과,핵심전공
현대동양화3,FA061300,정성윤,동양화과,심화전공
일반화학 1,CI000100,김정수,화학과,핵심전공
전공실기 3,IC000800,성기준,현대실용음악학과,핵심전공
졸업작품 및 논문 ,PB003900,서현우,뷰티산업학과,심화전공
인간관계와 의사소통,HA005100,김덕진,간호학과,핵심전공
서양복식문화,PA000200,김금화,의류산업학과,핵심전공
디자인브릿지,FE059200,김용환,산업디자인과,심화전공
융합무용기초,IZ000200,전홍조,융합문화예술대학,핵심전공
회귀분석실습,CE001800,이성건,통계학과,심화전공
국어문법론,AA000600,김일환,국어국문학과,핵심전공
영유아발달,EE003300,권정윤,유아교육과,핵심전공
영작문 1,HB005200,조나단 리스 팬톤,글로벌의과학과,심화전공
움직임과 표현 1,ID003100,최혜경,무용예술학과,핵심전공
리듬 청음연습,IC001000,이지민,현대실용음악학과,핵심전공
패션포트폴리오,PA003500,염미선,의류산업학과,심화전공
학교폭력 예방 및 학생의 이해,TE061700,이유림,교육학과,교직
글로벌 시장 분석과 관리,PD001200,이윤경,글로벌비즈니스,핵심전공
게임제작실습,LD003000,변혜원,정보시스템공학과,심화전공
집단상담,BC002200,이정윤,심리학과,심화전공
음악경영 1,GC059100,서윤정,작곡과,심화전공
비판적 사고와 토론,SA011100,박경남,교양학부,공통교양
창의성 공학설계와 창업(캡스톤디자인) 1,LE001000,이형곤,청정융합에너지공학과,심화전공
국제비즈니스협상론,PD001900,박미,글로벌비즈니스,심화전공
전공실기 7,IC002900,김정범,현대실용음악학과,심화전공
글로벌 비즈니스를 위한 빅데이타 분석,PD002800,박미,글로벌비즈니스학과,심화전공
통계분석 및 실습,PC002900,허경옥,소비자생활문화산업학과,심화전공
전공실기 5,GB042400,김승현,기악과,심화전공
전공실기 5,IC002000,임경은,현대실용음악학과,심화전공
일반화학실험 1,CI000300,이은경,화학·에너지융합학부,핵심전공
스타일 메이크업,SS061500,김희진,교양학부,진로소양
창작스튜디오1,FA042200,권기범,동양화과,심화전공
내러티브 졸업세미나 1,AZ000900,김정숙,인문과학대학,심화전공
조합 및 그래프 이론,CA002400,김수리,수리통계데이터사이언스학부,핵심전공
법과 사회,EB040100,강명원,사회교육과,핵심전공
융합보안캡스톤디자인 1,LB003100,김경진,융합보안공학과,심화전공
R통계분석,CE052700,정호현,통계학과,핵심전공
소비자학,PC000100,노영래,소비자생활문화산업학과,핵심전공
공통 개인정보보호와 보안윤리,SA045200,장현미,교양학부,공통교양
미문학개론,AB050600,정혜연,영어영문학과,핵심전공
학내연주 1,GB003300,임경원,기악과,핵심전공
전공실기 3,IC000800,김현민,현대실용음악학과,핵심전공
이노베이티브매니지먼트,LA003400,이향은,서비스·디자인공학과,심화전공
전공실기 7,GA042500,공영숙,성악과,심화전공
한국 사회의 이해,SS084400,유희복,국제교류지원팀,진로소양
공통 독일어,SA040400,김길웅,교양학부,공통교양
영상미학,BH030200,박소연,미디어커뮤니케이션학과,핵심전공
필름 스코어링과 오케스트레이션 1,IC003800,윤수진,현대실용음악학과,심화전공
전통복식 컨텐츠 기획,PA004900,장민정,의류산업학과,심화전공
전공실기 1,GC020300,이인식,작곡과,핵심전공
주제로 읽는 명저 : 문화예술,SS080800,조형빈,교양학부,핵심교양
언어의 표현과 이해 Ⅰ,KS002000,강선화,국제교류지원팀,진로소양
중급 공간디자인실습 1,FE057300,홍승석,산업디자인과,심화전공
전공실기 5,GB042400,김창호,기악과,심화전공
독일 텍스트 강독,AI000600,김길웅,독일어문·문화학과,핵심전공
빅데이터통계분석,CE052800,이성건,통계학과,심화전공
웰니스 요가,SS061100,육영숙,교양학부,진로소양
TestDaf Deutsch,AI003700,마누엘 보가드,독일어문·문화학과,심화전공
자바프로그래밍,LC001800,우종정,컴퓨터공학과,핵심전공
분석화학실험,CI001000,신민정,화학과,핵심전공
파이썬프로그래밍,SA046200,유재현,정보시스템공학과,공통교양
전공실기 1,GB040100,박의경,기악과,핵심전공
도시환경론,BD003900,이자원,지리학과,심화전공
고급C++프로그래밍,LC004000,김설현,컴퓨터공학과,핵심전공
근.현대독일가곡,GA054200,민숙연,성악과,심화전공
관리회계,BF050400,이석영,경영학과,핵심전공
패션디자인CAD 2,PA004400,윤지원,의류산업학과,심화전공
스포츠재활심리학,DF001200,육영숙,운동재활복지학과,핵심전공
실내악 3,GB051400,이세영,기악과,심화전공
사회복지실천기술론,DD030800,박현용,사회복지학과,심화전공
융합무용기초,IZ000200,김슬기,융합문화예술대학,핵심전공
영상을 위한 일렉트로닉 작곡과 사운드 디자인 1,IC002400,정채웅,현대실용음악학과,심화전공
4차 산업혁명과 경영혁신,SS070400,심선영,교양학부,핵심교양
전공실기 3,GA040900,공영숙,성악과,핵심전공
환경·소재·에너지공학 실습 1,LE001900,이형민,청정융합에너지공학과,심화전공
운동처방,DE021600,백승희,스포츠레저학과,심화전공
디지털 조형 1,FC053400,오원영,조소과,심화전공
전공실기1,IC000100,변준형,현대실용음악학과,핵심전공
현대회화 3(복합매체),FB054000,조병왕,서양화과,심화전공
미디어디자인프로젝트 1,FE045100,박한진,산업디자인과,심화전공
임상약리학,HA000900,강주섭,간호학과,핵심전공
의학용어학,HB001700,전민영,글로벌의과학과,심화전공
경력개발과 코칭,BC051400,조지연,심리학과,심화전공
객체지향설계,LD001900,서동수,정보시스템공학과,심화전공
영화로 읽는 셰익스피어,SS102500,앨리슨 맥스웰,교양학부,진로소양
합창 5,GA041800,김범진,성악과,심화전공
입체와 공간,FZ000100,배성미,미술대학,핵심전공
디지털 오디오 워크스테이션 이해와 활용: 프로 툴스 1,IC001100,조남준,현대실용음악학과,핵심전공
전공실기 5,GB042400,피호영,기악과,심화전공
타이포그래피 1,FE025000,김장우,산업디자인과,핵심전공
국어사자료읽기와 활용,AA052500,박부자,국어국문학과,핵심전공
전공실기 3,GB041300,황대남,기악과,핵심전공
지구에서 만나 살아가는 남자와 여자,KU004900,미정,학사운영팀,일반교양
소프트웨어융합기술개론,LB003700,이택,융합보안공학과,핵심전공
소프트웨어융합기술개론,LB003700,이일구,융합보안공학과,핵심전공
요가지도법,DF000900,육영숙,스포츠과학부,핵심전공
범죄와범죄심리,OU000900,미정,학사운영팀,일반교양
일반생물학 1,LG000100,최상철,바이오생명공학과,핵심전공
현대미국소설,AB051200,정혜연,영어영문학과,심화전공
일본문학의 흐름 1,AK001700,김태영,일본어문·문화학과,심화전공
공통 글로벌 뉴스와 이슈,SA030600,저스틴 벙커 버그,교양학부,공통교양
서비스산업과 프로세스관리,PC001100,최배영,소비자생활문화산업학과,핵심전공
디지털컨텐츠,LZ000200,신민아,서비스·디자인공학과,핵심전공
창조적 사고와 글쓰기,SA011200,김민선,교양학부,공통교양
전공실기 3,GB041300,구태은,기악과,핵심전공
데이터기반 서비스디자인,LA003200,최경아,서비스·디자인공학과,심화전공
공통 중국어,SA040100,리우 나,교양학부,공통교양
해양스포츠 1,DE012000,정영남,스포츠레저학과,핵심전공
바이오식품안전실험,LF002600,현정은,바이오식품공학과,심화전공
기업현장과 창의성,BC001800,유은아,심리학과,심화전공
컴퓨터시스템관리,LC000900,장윤재,컴퓨터공학과,핵심전공
음악교육론,GC060400,이보림,작곡과,심화전공
전공실기1,IC000100,김승범,현대실용음악학과,핵심전공
미디어세미나,BH041200,심상민,미디어커뮤니케이션학과,심화전공
중국문화의 이해,AL000100,김은희,중국어문·문화학과,핵심전공
범주형자료분석,CE002100,조재범,통계학과,심화전공
국어 교과교육론,AA032500,김혜련,국어국문학과,심화전공
전공실기 3,IC000800,이준호,현대실용음악학과,핵심전공
텍스타일디자인기획 1,FD058100,박좌용,공예과,심화전공
비판적 사고와 토론,SA011100,전지은,교양학부,공통교양
전공실기 1,GB040100,오윤주,기악과,핵심전공
초급중국어 1,AL000300,김수진,중국어문·문화학과,핵심전공
북미권 예술 문화와 여성,SA031100,앤드리아 톨레프슨,교양학부,공통교양
병태생리학,DF003900,유향숙,운동재활복지학과,심화전공
채색화기초1,FA040500,이만수,동양화과,핵심전공
현대조각의 흐름,FC054000,이상윤,조소과,심화전공
전공실기 3,IC000800,남예지,현대실용음악학과,핵심전공
운동재활개론,DF000100,김영주,스포츠과학부,핵심전공
포트폴리오 연구 1,FB041300,나광호,서양화과,심화전공
도자장식기초 1,FD094000,이은미,공예과,핵심전공
3D 일러스트레이션 ,PB002600,하승아,뷰티산업학과,심화전공
실내악 3,GB051400,박예은,기악과,심화전공
미디어 아트 1,FC000100,김민정,조소과,핵심전공
미적분과 벡터해석 기초,CA040100,김도현,수학과,핵심전공
데이터 정치분석,BB053100,박지영,정치외교학과,심화전공
생활 소품 디자인,SS086300,박소영,교양학부,진로소양
현장드로잉1,FA041500,김민호,동양화과,심화전공
전공실기 7,GB043600,어수희,기악과,심화전공
식품가공학 및 실험,DB002000,윤현근,식품영양학과,심화전공
전공실기 7,IC002900,신기남,현대실용음악학과,심화전공
클래스피아노 3,GA052400,이신애,성악과,핵심전공
창조적 사고와 글쓰기,SA011200,이윤경,교양학부,공통교양
전공실기 1,GB040100,피호영,기악과,핵심전공
헌법실무 1,BA000400,정연주,법학부,심화전공
독일소설 읽기,AI001400,김진숙,독일어문·문화학과,심화전공
지리 교과교육론,BD032100,박민영,지리학과,심화전공
운영체제,LC001500,심광섭,컴퓨터공학과,핵심전공
클래스피아노 1,GA050300,윤선영,성악과,핵심전공
전공실기 3,IC000800,이지영,현대실용음악학과,핵심전공
세포학,LG000800,강창수,바이오생명공학과,핵심전공
경제수학입문,BE051600,이동열,경제학과,핵심전공
신경심리학,BC002700,김명선,심리학과,심화전공
현대회화 3(추상),FB053900,이준형,서양화과,심화전공
초급중국어 회화 1,AL000200,김미라,중국어문·문화학과,핵심전공
졸업작품연구 3,FB054400,박영근,서양화과,심화전공
현대판화 1,FB051200,장성숙,서양화과,핵심전공
현악합주 3,GB042000,피호영,기악과,핵심전공
패션디자인CAD 2,PA004400,손혜승,의류산업학과,심화전공
무용워크샵트레이닝 1,ID003600,유지연,무용예술학과,핵심전공
중국현대문학강독,AL003400,김수진,중국어문·문화학과,심화전공
체형관리에스테틱 ,PB001100,박초희,뷰티산업학과,핵심전공
전공실기 3,IC000800,반검서,현대실용음악학과,핵심전공
조직 리더십,SS057500,윤해진,학생군사교육단,진로소양
전공이론 및 악기(B) 3,GC055400,김명선,작곡과,핵심전공
고전해석방법론,ED000900,김여주,한문교육과,핵심전공
가정 논리 및 논술,PZ000200,김선주,뷰티 생활산업국제대학,심화전공
영어학개론,AB050800,윤태진,영어영문학과,핵심전공
중국어작문,AL002500,리우 나,중국어문·문화학과,심화전공
Effective Academic English Writing,SS080400,콜 헌트,교양학부,진로소양
교육심리,TE060400,이지수,교육학과,교직
취업 실전 전략,SS046600,이정은,인재개발팀,진로소양
패션니트,PA001300,유화숙,의류산업학과,핵심전공
일본 문화의 이해,SS082200,다케우치 노리아키,교양학부,핵심교양
미시경제학,BE040400,박기성,경제학과,핵심전공
미디어연구 스튜디오1,FA053900,임장순,동양화과,심화전공
전공실기 7,IC002900,윤영삼,현대실용음악학과,심화전공
전공이론 및 악기(A) 7,GC055700,정이은,작곡과,심화전공
전공실기 7,IC002900,신형찬,현대실용음악학과,심화전공
비판적 사고와 토론,SA011100,김태영,교양학부,공통교양
브랜딩1,FE058400,백도현,산업디자인과,심화전공
독일동화와 민담,AI002200,최은아,독일어문·문화학과,심화전공
외국어 교과교육론(서양권),AB032100,고정민,영어영문학과,심화전공
한국 문학 명작 감상,SS040100,김혜련,교양학부,핵심교양
통계프로그래밍,CE000200,엄인옥,통계학과,핵심전공
한문학개론,ED040600,신영주,한문교육과,핵심전공
전공실기 3,IC000800,이지민,현대실용음악학과,핵심전공
경영 및 회계정보 분석,BF000600,심선영,경영학과,핵심전공
아트패브릭1,FD057300,이재선,공예과,심화전공
디지털 오디오 워크스테이션 기초: 로직 프로 1,IC000300,강경한,현대실용음악학과,핵심전공
명문장 이해와 실용연습,AL002000,황정희,중국어문·문화학과,심화전공
한자문화권의 이해,ED052100,김용재,한문교육과,핵심전공
"Global Communication through Food, Travel & Culture",SA030800,로난 맥알리스터,교양학부,공통교양
재미있고 알기 쉬운 창업이야기,SS061600,지윤정,창업교육팀,진로소양
공통 실용적 영어 글쓰기 Ⅰ,SA020400,전연희,교양학부,공통교양
전공실기 5,GB042400,이재준,기악과,심화전공
유아사회교육,EE001200,배지희,유아교육과,심화전공
공연기획,IA000100,김종헌,문화예술경영학과,핵심전공
주제로 읽는 명저 : 사회과학,SS080600,정연주,교양학부,핵심교양
공통 러시아어,SA040600,이새봄,교양학부,공통교양
2D디지털그래픽 1,FD005100,조희은,공예과,핵심전공
이산수학,LD000200,오장민,정보시스템공학과,핵심전공
송캠프 1,IC004000,변준형,현대실용음악학과,심화전공
기능성식품학,LF002800,윤현근,바이오식품공학과,심화전공
개별연기실습,IB002000,지춘성,미디어영상연기학과,심화전공
전공실기 7,IC002900,송준영,현대실용음악학과,심화전공
전공실기 5,GB042400,일리야 라쉬코프스키,기악과,심화전공
석조기법 1,FC050700,김병규,조소과,핵심전공
미적분과 벡터해석 기초,SA045900,김지현,수학과,공통교양
전공실기 5,GB042400,황대남,기악과,심화전공
색채와 표현1,FA060800,이만수,동양화과,심화전공
비교문화 경영론,PD001000,이상기,글로벌비즈니스,핵심전공
현대회화 1,FB040700,최병진,서양화과,핵심전공
생물공학기초계산,LG000700,백영빈,바이오생명공학과,핵심전공
교육행정 및 교육경영,TE060600,김지현,교육학과,교직
대중예술사,IZ000100,박우성,융합문화예술대학,핵심전공
전공실기 7,IC002900,윤혜린,현대실용음악학과,심화전공
러시아어,SS053500,남서영,교양학부,진로소양
디지털컨텐츠,LZ000200,이여름,서비스·디자인공학과,핵심전공
성인간호학 6,HA005600,김애리,간호학과,심화전공
전공실기 5,GB042400,이세영,기악과,심화전공
서비스디자인스튜디오,LA003300,강효진,서비스·디자인공학과,심화전공
음악코칭,GA091600,박승유,성악과,심화전공
예술적 글쓰기,IA003200,김책,문화예술경영학과,핵심전공
전공실기 1,GB040100,임경원,기악과,핵심전공
설화와 스토리텔링,AA032100,심치열,국어국문학과,핵심전공
중국문학사 1,AL000800,김미라,중국어문·문화학과,핵심전공
바이오분석기기학,LG003600,백영빈,바이오생명공학과,심화전공
한독비교문학,AI004800,김길웅,독일어문·문화학과,심화전공
현대인의 여가 문화,SS085100,김우정,교양학부,핵심교양
전공실기 1,GB040100,민유경,기악과,핵심전공
문화산업비즈니스와 고객만족,PC003100,최배영,소비자생활문화산업학과,심화전공
World News Analysis and Discourse,SS058400,저스틴 벙커 버그,교양학부,진로소양
기초 통계학,SA046100,정호현,통계학과,공통교양
전공실기 7,GA042500,정수연,성악과,심화전공
전공실기 7,GB043600,권혜진,기악과,심화전공
미용문화사,PB001500,류현정,뷰티산업학과,핵심전공
전공실기 3,GB041300,임경원,기악과,핵심전공
전공이론 및 악기(B) 5,GC055600,하승민,작곡과,심화전공
시각디자인 1,FE004100,홍주희,산업디자인과,핵심전공
사례로 보는 리더십,SS079300,김오현,교양학부,핵심교양
특수교육학개론,TE061500,권소영,교육학과,교직
전공실기 3,GB041300,안미현,기악과,핵심전공
글로벌 기업 프로젝트 관리 실무,PD003700,구자원,글로벌비즈니스,핵심전공
공통 영어 스피치와 프레젠테이션 Ⅰ,SA020100,메스 닐슨,교양학부,공통교양
학내연주 1,GA003900,김미현,성악과,핵심전공
가창곡작곡법 및 실습 1,GC060000,장지영,작곡과,핵심전공
과학기술 사회의 생명윤리,SS028300,김율리,교양학부,핵심교양
경제원론 1,BE040100,최준용,경제학과,핵심전공
여성과 영문학,AB052800,정혜연,영어영문학과,핵심전공
운동생리학,DE020100,양윤권,스포츠레저학과,핵심전공
전공실기 7,GC023000,김수호,작곡과,심화전공
어패럴 메이킹,PA001200,김미영,의류산업학과,핵심전공
텍스타일드로잉,FD058700,이재선,공예과,핵심전공
기초헤어스타일링,PB001300,이정림,뷰티산업학과,핵심전공
프랑스어 발음연습,AJ000200,토마 기데,프랑스어문·문화학과,핵심전공
형사소송법 1,BA041200,이성기,법학부,심화전공
전공실기 1,GB040100,박성진,기악과,핵심전공
수학적 문제해결 방법론,CA002500,심성아,수학과,심화전공
산학협력인턴십 1,LE002000,양인목,청정융합에너지공학과,심화전공
상법총론,BA040900,김한종,법학부,핵심전공
전공실기 3,GB041300,박의경,기악과,핵심전공
중급회계 1,BF001200,전홍민,경영학과,핵심전공
학내연주 5,GB003700,오윤주,기악과,심화전공
기초독일어 1,AI000100,마누엘 보가드,독일어문·문화학과,핵심전공
금속리빙디자인 3,FD007700,이재익,공예과,심화전공
전공이론 및 악기(A) 3,GC055300,신인선,작곡과,핵심전공
금융사회와 수학,CA032400,김주홍,수학과,심화전공
데이터사이언스입문,CK000200,김영훈,수리통계데이터사이언스학부,핵심전공
컬러 코디네이트 미학,PB002300,강진미,뷰티산업학과,심화전공
생명공학,LF001300,김종훈,바이오식품공학과,핵심전공
스마트센서응용 및 실습,LD003100,김준철,정보시스템공학과,심화전공
전공이론 및 악기(B) 1,GC055200,김명선,작곡과,핵심전공
음악문화연구,GC043700,정이은,작곡과,심화전공
재료기법 1,FC052600,이지훈,조소과,심화전공
운동재활마사지,DF001100,권일수,운동재활복지학과,심화전공
술 문화의 이해,KU009600,미정,학사운영팀,일반교양
세계의 명화와 사상,OU098600,미정,학사운영팀,일반교양
일본의 이해,AK000400,남휘정,일본어문·문화학과,핵심전공
고급C++프로그래밍,LC004000,홍의석,컴퓨터공학과,핵심전공
여성건강간호학 2,HA002400,전나미,간호학과,심화전공
도덕윤리 교과교육론,EC003000,문경호,윤리교육과,심화전공
환경과 경제,BE000600,박기주,경제학과,심화전공
기초 영어 강독,SS080000,김장욱,교양학부,진로소양
전공실기 3,GB041300,이동곤,기악과,핵심전공
전공실기 3,IC000800,남성희,현대실용음악학과,핵심전공
국제정치사,BB041100,설규상,정치외교학과,핵심전공
지식과 담론의 역사,AG002500,오경환,사학과,심화전공
전공실기 1,GB040100,이섬승,기악과,핵심전공
실험설계,CE040800,김영훈,통계학과,심화전공
무대분장,PB002900,황선희,뷰티산업학과,심화전공
악기론 1,GC006400,김지현,작곡과,핵심전공
창조적 사고와 글쓰기,SA011200,양정화,교양학부,공통교양
경제학방법론,BE052200,진양수,경제학과,핵심전공
기초통계학,CE000100,이종협,통계학과,핵심전공
인체표현,FZ002600,조병왕,미술대학,핵심전공
문학교육론,AA002000,김혜련,국어국문학과,핵심전공
패션창업과 마케팅 1,PA003300,박은주,의류산업학과,심화전공
심리학개론,BC000100,박주하,심리학과,핵심전공
정보설계와 시각화,LA001400,구자은,서비스·디자인공학과,핵심전공
시스템프로그래밍,LC001900,심광섭,컴퓨터공학과,심화전공
가곡앙상블,GA051500,김범진,성악과,심화전공
음악분석 1,GC042200,설수경,작곡과,핵심전공
삶과 죽음의 이해,SS054500,임성훈,교양학부,핵심교양
민사소송법 1,BA041100,문기탁,법학부,심화전공
주얼리디자인기초 1,FD055100,최경미,공예과,핵심전공
산업심리학,BC050700,정지희,심리학과,심화전공
한국사회 윤리문제와 도덕교육,EC002100,이경희,윤리교육과,핵심전공
전공실기 3,GB041300,이섬승,기악과,핵심전공
컴퓨터네트워크 및 실습,LC002000,박지웅,컴퓨터공학과,심화전공
전공실기 1,ID003000,성재형,무용예술학과,핵심전공
다변수미적분학 및 연습,CA052000,윤기헌,수학과,핵심전공
창조적 사고와 글쓰기,SA011200,장혜련,교양학부,공통교양
미술로 표현된 신체,SS051600,임성훈,교양학부,핵심교양
전공이론 및 악기(A) 3,GC055300,변지연,작곡과,핵심전공
식품분석실험,LF001600,김종훈,바이오식품공학과,핵심전공
주역으로 풀어보는 법과 삶,SS082500,문기탁,교양학부,핵심교양
비즈니스 스피치,SS054400,김선주,교양학부,진로소양
전공실기 1,GC020300,임현경,작곡과,핵심전공
문학과 시대 읽기,SS078500,김길웅,교양학부,핵심교양
소비자안전,PC000900,허경옥,소비자생활문화산업학과,핵심전공
바이오식품미생물공학,LF000800,현정은,바이오식품공학과,핵심전공
영화 예술 입문,SS087700,박상우,교양학부,핵심교양
무용과 인간,SS085800,유인화,교양학부,핵심교양
인체표현,FZ002600,김세중,미술대학,핵심전공
전공실기 1,GA040100,서보란,성악과,핵심전공
초급일본어연습 1,AK000100,네고로 유키,일본어문·문화학과,핵심전공
융합공학세미나,LE003200,양인목,청정융합에너지공학과,심화전공
전공실기 3,GB041300,이준성,기악과,핵심전공
한국 고대국가의 성립과 발전,AG000800,김지희,사학과,핵심전공
포트폴리오 연구 1,FB041300,박미숙,서양화과,심화전공
전공실기 1,GB040100,이재준,기악과,핵심전공
실용영어 스피치와 프리젠테이션,AB001300,앨리슨 맥스웰,영어영문학과,핵심전공
형상표현1,FC041200,김성복,조소과,심화전공
영양과 간호,HA001200,조무용,간호학과,핵심전공
음악형식 1,IC001300,송종헌,현대실용음악학과,핵심전공
경영통계학,BF000100,이성근,경영학부,핵심전공
노인복지론,DD020200,박현용,사회복지학과,핵심전공
전공실기 1,GB040100,일리야 라쉬코프스키,기악과,핵심전공
전공실기 1,GC020300,김수호,작곡과,핵심전공
무대연출론,IA001300,고해종,문화예술경영학과,심화전공
세계 여성 연구,SS088800,수잔 홀랜드,교양학부,핵심교양
한국어정보처리,AA052600,김일환,국어국문학과,심화전공
사료 읽기와 해석,AG001100,김우택,사학과,핵심전공
전공실기 1,GB040100,김민조,기악과,핵심전공
문화예술감상과 이해,IA000200,권수정,문화예술경영학과,핵심전공
서비스디자인 개론 및 실습,LA000200,최민영,서비스·디자인공학과,핵심전공
창조적 사고와 글쓰기,SA011200,이연승,교양학부,공통교양
공통 중국어,SA040100,강선화,교양학부,공통교양
전공실기 5,GA041600,박지현,성악과,심화전공
중국어 교과교육론,AL002300,신준호,중국어문·문화학과,심화전공
전공실기 1,GB040100,이세영,기악과,핵심전공
사회복지자료분석론,DD040700,고선강,사회복지학과,심화전공
졸업작품워크숍 1,IB002500,유영식,미디어영상연기학과,심화전공
디지털 오디오 워크스테이션 기초: 로직 프로 1,IC000300,조윤정,현대실용음악학과,핵심전공
전공실기 5,GB042400,허상미,기악과,심화전공
텍스타일프로덕트디자인 1,FD002300,문보영,공예과,심화전공
정보보호법과 보안정책,LB001000,김경진,융합보안공학과,핵심전공
졸업작품연구 2,FB053600,조병왕,서양화과,심화전공
전공실기 1,GB040100,정재원,기악과,핵심전공
정치학개론,BB040100,한의석,정치외교학과,핵심전공
발레 Point Work,ID003500,김주원,무용예술학과,핵심전공
기초 디자인,SS040800,지문규,교양학부,핵심교양
통계적 사고,CE002500,이성건,수리통계데이터사이언스학부,핵심전공
문화콘텐츠 기반 공공외교,BH045300,이형민,미디어커뮤니케이션학과,심화전공
타임베이스 그래픽,FE057100,김도식,산업디자인과,핵심전공
전공실기 5,GB042400,이화경,기악과,심화전공
중국지역연구,BD031900,안창진,지리학과,심화전공
반주실습,GB000700,이상희,기악과,핵심전공
전공실기 1,GA040100,김혜란,성악과,핵심전공
고음악의 이해,GA091900,공영숙,성악과,심화전공
America in American Novels,SS082000,다릴 로스,교양학부,핵심교양
공통 글로벌 뉴스와 이슈,SA030600,올리버 테리,교양학부,공통교양
보험수리학개론,CA002200,김주홍,수학과,핵심전공
인문 고전의 이해,AZ001500,정혜연,인문과학대학,핵심전공
한국 현대사와 대통령,SS087500,윤종성,교양학부,핵심교양
창조적 사고와 글쓰기,SA011200,김나영,교양학부,공통교양
건강사정실습,HA003600,임경춘,간호학과,핵심전공
회귀분석실습,CE001800,박성오,통계학과,심화전공
경영학 개론,SS081200,이석영,교양학부,핵심교양
정치학방법론,BB051500,박지영,정치외교학과,핵심전공
유치원 교과교육론,EE002300,황인애,유아교육과,심화전공
학내연주 1,GB003300,오윤주,기악과,핵심전공
비판적 사고와 토론,SA011100,강선형,교양학부,공통교양
국어학의 이해,AA000300,박부자,국어국문학과,핵심전공
파워포인트와 엑셀,SB000200,장현미,교양학부,진로소양
R통계분석,CE052700,박만식,통계학과,핵심전공
미적분과 벡터해석 기초,SA045900,연미정,수학과,공통교양
교육실습(심화),TE061800,미정,사범대학,교직
교육철학 및 교육사,TE061300,심형진,교육학과,교직
일반화학실험 1,CI000300,정미원,화학·에너지융합학부,핵심전공
헤어디자인,PB002800,이정림,뷰티산업학과,심화전공
전공실기 5,IC002000,김주현,현대실용음악학과,심화전공
사회복지현장실습,DD042300,손선옥,사회복지학과,심화전공
기초 영문법,SS080100,최종갑,교양학부,진로소양
실내악 1,GB051200,박진오,기악과,핵심전공
생화학,LG001000,김종일,바이오생명공학과,핵심전공
입체와 공간,FZ000100,홍근영,미술대학,핵심전공
전공실기 5,GC021300,강은경,작곡과,심화전공
전공실기 3,GA040900,민숙연,성악과,핵심전공
다변량자료분석 I,CE002000,박성오,통계학과,심화전공
졸업프로젝트,PA003400,손혜승,의류산업학과,심화전공
운동손상학,DF004800,지무엽,운동재활복지학과,심화전공
동아시아사 1,AG005800,조국,사학과,핵심전공
전공실기 7,IC002900,박규연,현대실용음악학과,심화전공
유기화학,LF000700,윤현근,바이오식품공학과,핵심전공
소비자 트렌드와 소비 문화,SS028800,노영래,교양학부,핵심교양
골프,SS060100,박경연,교양학부,진로소양
한문 논리 및 논술,ED004100,신영주,한문교육과,심화전공
생애발달,BC003000,진경선,심리학과,핵심전공
산업디자인기초,FE003200,구상,산업디자인과,핵심전공
전공실기 5,GB042400,이응우,기악과,심화전공
탁구,SS060300,이시은,교양학부,진로소양
자바프로그래밍,LC001800,이준세,컴퓨터공학과,핵심전공
고급프랑스어 회화,AJ001800,토마 기데,프랑스어문·문화학과,심화전공
창조적 사고와 글쓰기,SA011200,이선형,교양학부,공통교양
공통 실용적 영어 글쓰기 Ⅰ,SA020400,스티븐 파이겐바움,교양학부,공통교양
환경과 지속가능성,LE002300,양인목,청정융합에너지공학과,핵심전공
전공이론 및 악기(A) 3,GC055300,권오연,작곡과,핵심전공
미국과 민주주의,EB050500,서현진,사회교육과,핵심전공
영어의 기초 어휘와 표현,SA046400,김장욱,교양학부,공통교양
스포츠 마케팅 사례연구,DE023600,정영남,스포츠레저학과,심화전공
통계프로그래밍,CE000200,김기영,통계학과,핵심전공
디지털보안특강,LB001800,임연섭,융합보안공학과,심화전공
창작연주 3,GC005500,이인식,작곡과,핵심전공
시스템 보안,LB001700,김성민,융합보안공학과,심화전공
사회복지조사론,DD020400,고선강,사회복지학과,핵심전공
자바프로그래밍,LC001800,윤상덕,컴퓨터공학과,핵심전공
법으로 풀어보는 글로벌 문화,SS052300,이양복,교양학부,핵심교양
인체와 의복구성,PA000400,문윤경,의류산업학과,핵심전공
유아교육사상,EE040400,권경숙,유아교육과,핵심전공
현악합주 5,GB043200,피호영,기악과,심화전공
비판적 사고와 토론,SA011100,엄상희,교양학부,공통교양
생태학의 이해,SS051200,김상연,교양학부,핵심교양
한국회화 스튜디오1,FA042000,이만수,동양화과,심화전공
현대시 산책,SS088100,박민영,교양학부,핵심교양
응용메이크업,PB001400,황선희,뷰티산업학과,핵심전공
가정생활문화,PC000300,박현명,소비자생활문화산업학과,핵심전공
금속전공이론 1,FD000100,현광훈,공예과,핵심전공
공통 세계 단편 소설,SA030300,메스 닐슨,교양학부,공통교양
컴퓨터구조,LC001600,김준철,컴퓨터공학과,핵심전공
전략 커뮤니케이션 개론,BH020100,박진우,미디어커뮤니케이션학과,핵심전공
전공실기 3,GB041300,이재완,기악과,핵심전공
전공실기 7,GB043600,이화경,기악과,심화전공
디지털컨텐츠,LZ000200,최경아,서비스·디자인공학과,핵심전공
고급C++프로그래밍,LC004000,이준세,컴퓨터공학과,핵심전공
전공실기 1,GA040100,정나리,성악과,핵심전공
뷰티마케팅 ,PB002400,신정원,뷰티산업학과,심화전공
조각의 이해,FZ002500,정정주,미술대학,핵심전공
전공실기 1,GB040100,정순섭,기악과,핵심전공
창조적 사고와 글쓰기,SA011200,박민영,교양학부,공통교양
정보ㆍ컴퓨터 교과교육론,LC003500,장윤재,컴퓨터공학과,심화전공
프랑스예술가곡,GA002000,강신모,성악과,심화전공
전공실기 5,GB042400,이수아,기악과,심화전공
커뮤니케이션과 사회,BH010400,이나연,미디어커뮤니케이션학과,핵심전공
아트주얼리 1,FD008100,신혜정,공예과,심화전공
미술사 1,FC001000,이재은,조소과,핵심전공
국제환경 및 에너지 규제,LE001600,양인목,청정융합에너지공학과,심화전공
전공실기 7,GB043600,김승현,기악과,심화전공
환경변화 및 재난관리,BD003000,박경,지리학과,심화전공
전공실기1,IC000100,유영하,현대실용음악학과,핵심전공
모발과학,PB001200,박초희,뷰티산업학과,핵심전공
웹프로그래밍기초,LZ000300,이혜리,서비스·디자인공학과,핵심전공
중급독일어1,AI000900,김미경,독일어문·문화학과,핵심전공
화장 심리학,PB003800,김지은,뷰티산업학과,심화전공
전공이론 및 악기(A) 3,GC055300,박지영,작곡과,핵심전공
현대인의 정신 건강,SS030900,이정윤,교양학부,핵심교양
정신건강론,DD041200,조윤주,사회복지학과,심화전공
젠더와 정치,SS102000,김미덕,교양학부,핵심교양
정치학개론,BB040100,김백주,정치외교학과,핵심전공
시각디자인스튜디오 1,FE044700,황상준,산업디자인과,심화전공
라이브 세션을 위한 기악 합주 1,IC004400,임채광,현대실용음악학과,심화전공
세계의 인구와 지리학,BD000600,박선영,지리학과,핵심전공
전공실기 1,GB040100,이응우,기악과,핵심전공
소비자를 위한 생활법률,KU001500,미정,학사운영팀,일반교양
사회보장법,BA003100,권오성,법학부,심화전공
전공실기 5,GC021300,전예은,작곡과,심화전공
현대 사회와 여성의 역할,SS085200,임영빈,교양학부,핵심교양
전공이론 및 악기(A) 5,GC055500,유선옥,작곡과,심화전공
레저론,DE020200,임우택,스포츠과학부,핵심전공
라틴아메리카 문화산책,KU009900,미정,학사운영팀,일반교양
유기화학 1,CI000800,정선호,화학과,핵심전공
전공실기 7,GA042500,박지현,성악과,심화전공
국가안보론,SS020400,조현행,교양학부,핵심교양
전공실기 5,GC021300,정미선,작곡과,심화전공
줄기세포공학,LG003200,전용필,바이오생명공학과,심화전공
서양 고전 읽기,SS059700,김정숙,교양학부,핵심교양
법률 상담 실무,BJ002300,이재훈,법학부,심화전공
역사지리학,BD050800,양윤정,지리학과,핵심전공
전공실기 7,GB043600,정재원,기악과,심화전공
에너지와 생활,KU010700,미정,학사운영팀,일반교양
헬스와 운동 재활,SS061000,김영주,교양학부,핵심교양
건반화성 1,GB050100,홍청의,기악과,핵심전공
급식경영 및 인사관리,DB000400,고성희,식품영양학과,핵심전공
아카펠라를 위한 보컬 합주 1,IC001200,임경은,현대실용음악학과,핵심전공
획과 여백 1,FZ001300,최소영,미술대학,핵심전공
성인간호학 4,HA005400,김애리,간호학과,심화전공
기능성 식품 생리 기전학,LF002200,나혜경,바이오식품공학과,심화전공
경제원론 1,BE040100,오철,경제학과,핵심전공
Advanced Effective English Speech,SS080200,로난 맥알리스터,교양학부,진로소양
빅데이터통계분석,CE052800,정호현,통계학과,심화전공
전공실기 3,GB041300,이재준,기악과,핵심전공
인간행동과 사회환경,DD010200,박주희,사회복지학과,핵심전공
전공실기 3,GA040900,박지현,성악과,핵심전공
일반생물학실험 1,LG000200,고병준,바이오생명공학과,핵심전공
서양 음악의 이해,SS079700,이혜진,교양학부,핵심교양
실험연구법,BC000300,차옥균,심리학과,핵심전공
방송작가실기론,AA032000,오기환,국어국문학과,심화전공
학습메시지디자인,EA061900,김명랑,교육학과,심화전공
전공실기 3,GB041300,일리야 라쉬코프스키,기악과,핵심전공
전공실기 3,ID003400,성재형,무용예술학과,핵심전공
전공실기 7,IC002900,이지영,현대실용음악학과,심화전공
통계시뮬레이션,CE052400,박만식,통계학과,심화전공
전공실기 3,IC000800,임채광,현대실용음악학과,핵심전공
한국한문학사,ED041100,손유경,한문교육과,핵심전공
디지털써피스디자인 1,FD055700,이슬아,공예과,심화전공
일반사회 교과교육론,EB003100,조대훈,사회교육과,심화전공
산업디자인기초,FE003200,김현석,산업디자인과,핵심전공
전자음악 및 실습 1,GB001900,김효주,기악과,심화전공
관악합주 3,GB041800,김동수,기악과,핵심전공
캡스톤디자인과 창업,FE054500,조기봉,산업디자인과,심화전공
"Global Communication through Food, Travel & Culture",SA030800,마타 라카누이,교양학부,공통교양
디자인미학,FE092900,장연정,산업디자인과,심화전공
일본어 기초표현 1,AK000300,정미령,일본어문·문화학과,핵심전공
전공실기 3,GA040900,이정은,성악과,핵심전공
전공실기 1,GB040100,김창호,기악과,핵심전공
미학의 이해,SS011400,임성훈,교양학부,핵심교양
전공실기 3,GB041300,황소진,기악과,핵심전공
전공실기 5,GB042400,김세희,기악과,심화전공
글로벌 비즈니스의 이해,PD000300,구자원,경영학부,핵심전공
문화인류학으로 세상보기,SS078400,김길웅,교양학부,핵심교양
졸업작품 및 논문 ,PB003900,황선희,뷰티산업학과,심화전공
소비자금융과 재무상담,PC003000,이기연,소비자생활문화산업학과,심화전공
음악매니지먼트 2,IC003500,김도연,현대실용음악학과,심화전공
비판적 사고와 토론,SA011100,이연순,교양학부,공통교양
음식과 문화 이야기,SS070100,고성희,교양학부,핵심교양
기본간호학 1,HA000700,김영주,간호학과,핵심전공
문화와 사회,EB001400,조대훈,사회교육과,핵심전공
전공이론 및 악기(A) 5,GC055500,서윤정,작곡과,심화전공
인간커뮤니케이션,BH010300,강신규,미디어커뮤니케이션학과,핵심전공
글로벌경제와 지역문제,BD003200,채지민,지리학과,핵심전공
사회지리학,BD041600,이효선,지리학과,핵심전공
트라우마와 사회복지실천,DD042100,박현용,사회복지학과,심화전공
피아노 및 관현악 교수법 1,GB043800,김지은,기악과,심화전공
학습과 기억,BC040700,차옥균,심리학과,핵심전공
선형대수학 1,CA040500,신용수,수학과,핵심전공
프랑스 문학과 예술의 흐름 1,AJ001900,박언주,프랑스어문·문화학과,심화전공
라이프스타일과 생활문화산업,PC002100,박인선,소비자생활문화산업학과,심화전공
마케팅 리서치 컨텐츠 기획,PA002300,정이재,의류산업학과,심화전공
글로벌 마켓 통계 분석,PD003600,이윤경,글로벌비즈니스학과,핵심전공
화장품 제조 및 실습,PB002200,김주덕,뷰티산업학과,심화전공
교사론,EA000500,김종훈,교육학과,심화전공
정치와 윤리,EC040100,김혜림,윤리교육과,핵심전공
초급중국어 1,AL000300,황정희,중국어문·문화학과,핵심전공
전공실기 7,IC002900,이준호,현대실용음악학과,심화전공
유기화학특강,CI003000,채정현,화학과,심화전공
전공실기 5,GB042400,성해린,기악과,심화전공
문화예술 교육 개론,SS086600,임성훈,교양학부,진로소양
국제금융정책과 환율시장,PD002600,이윤경,글로벌비즈니스,심화전공
전공실기 3,GB041300,오윤주,기악과,핵심전공
편집디자인,FE060600,양희재,산업디자인과,심화전공
금속표현연구 1,FD005700,김종승,공예과,핵심전공
스토리텔링디자인,FE060100,김민석,산업디자인과,심화전공
글로벌 기업의 인사 조직 관리,PD001100,박성진,글로벌비즈니스학과,핵심전공
사회적기업의 이해,BF000500,이원규,경영학과,심화전공
한국의 공공외교,BB053200,고우정,정치외교학과,심화전공
비판적 사고와 토론,SA011100,오희철,교양학부,공통교양
전공실기 7,GB043600,김창호,기악과,심화전공
음악분석 1,GB052000,정영빈,기악과,심화전공
전시기획,IA001600,정상희,문화예술경영학과,핵심전공
한국 문화의 이해,SS084300,황혜란,국제교류지원팀,진로소양
인간과 사회,EB040200,황경숙,사회교육과,핵심전공
볼링,SS060200,정영남,교양학부,진로소양
지휘법 1,GB001300,김우중,기악과,심화전공
배우 화술 1,IB000700,김혜진,미디어영상연기학과,핵심전공
전공실기 1,GC020300,구본우,작곡과,핵심전공
현대회화 3(추상),FB053900,이주연,서양화과,심화전공
안무즉흥,ID001900,양주희,무용예술학과,심화전공
기초 수학,SS083800,정해남,교양학부,핵심교양
범주형자료분석,CE002100,김동하,통계학과,심화전공
교육학의 이해,EA002300,심형진,교육학과,핵심전공
시창.청음 1,GB040500,정혜경,기악과,핵심전공
한중고사원문선독,ED052300,김용재,한문교육과,심화전공
모델링,FZ002200,김보라,미술대학,핵심전공
현대판화 1,FB051200,신현희,서양화과,핵심전공
악성코드분석실습,LB002200,장대희,융합보안공학과,심화전공
전공실기 7,GB043600,구태은,기악과,심화전공
무대분장,PB002900,량쉬,뷰티산업학과,심화전공
현대판화 3,FB052600,장서우,서양화과,심화전공
TED로배우는영화속바이오테크놀로지,OU000400,미정,학사운영팀,일반교양
사물인터넷 이해,OU098700,미정,학사운영팀,일반교양
공동체 공유가치의 이해와 실천,SS078900,김선주,교양학부,핵심교양
수학사,CA051000,정해남,수학과,심화전공
재료과학과 공학 1,LE001100,홍현선,청정융합에너지공학과,핵심전공
문학치료와 시 쓰기,SS101600,박민영,교양학부,핵심교양
영어통사론,AB050700,정소우,영어영문학과,심화전공
서울의 경관과 문화유산,BD003500,문상명,지리학과,심화전공
특수범죄와 형벌,BJ003200,이명근,법학부,심화전공
3D디지털모델링 1,FD005500,이슬범,공예과,핵심전공
여가문화산업,PC001000,백주원,소비자생활문화산업학과,핵심전공
면역학,LG002100,강창수,바이오생명공학과,심화전공
학교 안전?건강교육의 이론과 실습,EZ000100,한종극,사범대학,핵심전공
근현대화성 1,GC000100,윤규일,작곡과,핵심전공
서화기초 1,FA054300,임진성,동양화과,핵심전공
전공실기 5,IC002000,신형찬,현대실용음악학과,심화전공
전공실기 7,GB043600,박예은,기악과,심화전공
주거 문화의 이해,SS085700,김진영,교양학부,핵심교양
고전문학과 전통문화,AA001500,강혜선,국어국문학과,핵심전공
전공실기 1,GB040100,권혜진,기악과,핵심전공
비판적 사고와 토론,SA011100,오윤정,교양학부,공통교양
전공실기 1,GB040100,성해린,기악과,핵심전공
전공실기 5,IC002000,성기준,현대실용음악학과,심화전공
전공실기 3,IC000800,윤영삼,현대실용음악학과,핵심전공
라이프스타일과 트렌드,LA001500,이향은,서비스·디자인공학과,핵심전공
전공실기 7,GA042500,박경신,성악과,심화전공
물리화학 1,CI000700,이철우,화학과,핵심전공
비판적 사고와 토론,SA011100,석기용,교양학부,공통교양
자기이해 및 사회교육 진로탐색,EB062000,조대훈,사회교육과,핵심전공
전공별 진로 탐색,SS010000,이정은,인재개발팀,진로소양
공연시장의 이해,IA001400,김종헌,문화예술경영학과,심화전공
알기 쉬운 행정법 이야기,SS081100,손성기,교양학부,핵심교양
언어레시피로 광고요리하기,KU013200,미정,학사운영팀,일반교양
패턴제작 및 구성,PA001500,김선영,의류산업학과,핵심전공
게임 활용 경제교육,EB061200,박형준,사회교육과,심화전공
전공실기 1,GB040100,강석진,기악과,핵심전공
현대회화 3(구상),FB053800,윤영혜,서양화과,심화전공
요가테라피1,ID001700,김미숙,무용예술학과,심화전공
일본의 이해,AK000400,홍윤표,일본어문·문화학과,핵심전공
미국외교정책,BB050400,김영호,정치외교학과,핵심전공
획과 여백 1,FZ001300,채효진,미술대학,핵심전공
의학유전학,LG004200,강창수,바이오생명공학과,심화전공
전공실기 3,GB041300,강석진,기악과,핵심전공
창조적 사고와 글쓰기,SA011200,장영미,교양학부,공통교양
스페인어,SS084500,전수진,교양학부,진로소양
비판적 사고와 토론,SA011100,허찬,교양학부,공통교양
파이썬프로그래밍,SA046200,조미영,정보시스템공학과,공통교양
유기화학 1,HB001900,이지연,글로벌의과학과,핵심전공
전공실기 7,IC002900,이창원,현대실용음악학과,심화전공
대중문화와 문화연구,BH040900,심두보,미디어커뮤니케이션학과,심화전공
전공이론 및 악기(B) 1,GC055200,채경주,작곡과,핵심전공
경영수학,BF040300,이현석,경영학부,핵심전공
일반생물학실험 1,LG000200,백영빈,바이오생명공학과,핵심전공
프로그래밍과 문제해결,SA045500,김의찬,교양학부,공통교양
